utc_date,local_time,hour_category,part_of_the_day,magnitude,magnitude_unit,magnitude_category,depth_(km),depth_category,location,latitude,longitude,url
2023-07-17,05:20:50,5:00 - 6:00,Early Hours,3.2,Ml,3-3.9,115,intermediate,64 km al NE de Los Andes.,-32.572,-69.984,https://www.sismologia.cl/sismicidad/informes/2023/07/204218.html
2023-07-17,04:58:08,4:00 - 5:00,Early Hours,2.6,Ml,<3,158,intermediate,61 km al NE de San Pedro de Atacama,-22.622,-67.7,https://www.sismologia.cl/sismicidad/informes/2023/07/204217.html
2023-07-17,04:23:04,4:00 - 5:00,Early Hours,2.9,Ml,<3,122,intermediate,34 km al SE de Mina Los Pelambres,-32.107,-70.455,https://www.sismologia.cl/sismicidad/informes/2023/07/204215.html
2023-07-17,04:14:35,4:00 - 5:00,Early Hours,3.0,Ml,3-3.9,115,intermediate,82 km al E de Tierra Amarilla,-27.508,-69.439,https://www.sismologia.cl/sismicidad/informes/2023/07/204213.html
2023-07-17,03:01:48,3:00 - 4:00,Early Hours,4.2,Ml,4-4.9,91,intermediate,48 km al NO de Camiña,-18.946,-69.659,https://www.sismologia.cl/sismicidad/informes/2023/07/204208.html
2023-07-17,02:55:59,2:00 - 3:00,Early Hours,2.8,Ml,<3,83,intermediate,75 km al E de Taltal,-25.475,-69.742,https://www.sismologia.cl/sismicidad/informes/2023/07/204206.html
2023-07-17,00:44:37,0:00 - 1:00,Early Hours,2.5,Ml,<3,115,intermediate,9 km al O de Mina Collahuasi,-20.818,-68.745,https://www.sismologia.cl/sismicidad/informes/2023/07/204194.html
2023-07-17,00:20:14,0:00 - 1:00,Early Hours,2.7,Ml,<3,53,intermediate,15 km al O de Andacollo,-30.232,-71.236,https://www.sismologia.cl/sismicidad/informes/2023/07/204191.html
2023-07-17,23:05:10,23:00 - 24:00,Later Hours,6.6,Mww,6-6.9,206,intermediate,52 km al NE de Lonquimay,-38.216,-70.856,https://www.sismologia.cl/sismicidad/informes/2023/07/204185.html
2023-07-17,21:57:26,21:00 - 22:00,Later Hours,2.6,Ml,<3,41,shallow,22 km al NO de Pica,-20.347,-69.47,https://www.sismologia.cl/sismicidad/informes/2023/07/204181.html
2023-07-16,19:43:08,19:00 - 20:00,Later Hours,2.9,Ml,<3,57,intermediate,15 km al NE de La Higuera,-29.396,-71.116,https://www.sismologia.cl/sismicidad/informes/2023/07/204177.html
2023-07-16,18:46:52,18:00 - 19:00,Later Hours,3.0,Ml,3-3.9,29,shallow,25 km al NO de Lebu,-37.439,-73.834,https://www.sismologia.cl/sismicidad/informes/2023/07/204173.html
2023-07-16,18:43:38,18:00 - 19:00,Later Hours,2.6,Ml,<3,33,shallow,75 km al O de Lebu,-37.481,-74.495,https://www.sismologia.cl/sismicidad/informes/2023/07/204172.html
2023-07-16,18:38:26,18:00 - 19:00,Later Hours,2.9,Ml,<3,127,intermediate,50 km al S de Ollagüe,-21.652,-68.405,https://www.sismologia.cl/sismicidad/informes/2023/07/204171.html
2023-07-16,16:25:28,16:00 - 17:00,Later Hours,2.9,Ml,<3,127,intermediate,37 km al SE de Calama,-22.663,-68.636,https://www.sismologia.cl/sismicidad/informes/2023/07/204166.html
2023-07-16,14:54:20,14:00 - 15:00,Central Hours,3.0,Ml,3-3.9,224,intermediate,91 km al NE de San Pedro de Atacama,-22.262,-67.665,https://www.sismologia.cl/sismicidad/informes/2023/07/204162.html
2023-07-16,14:18:39,14:00 - 15:00,Central Hours,4.2,Mw,4-4.9,257,deep,112 km al NE de Socaire,-22.936,-67.059,https://www.sismologia.cl/sismicidad/informes/2023/07/204158.html
2023-07-16,14:06:23,14:00 - 15:00,Central Hours,2.9,Ml,<3,241,intermediate,50 km al SE de Socaire,-23.915,-67.551,https://www.sismologia.cl/sismicidad/informes/2023/07/204156.html
2023-07-16,13:48:17,13:00 - 14:00,Central Hours,2.5,Ml,<3,38,shallow,45 km al SO de Huasco,-28.761,-71.541,https://www.sismologia.cl/sismicidad/informes/2023/07/204155.html
2023-07-16,11:01:55,11:00 - 12:00,Central Hours,2.7,Ml,<3,56,intermediate,20 km al E de Tongoy,-30.279,-71.288,https://www.sismologia.cl/sismicidad/informes/2023/07/204145.html
2023-07-16,10:37:47,10:00 - 11:00,Central Hours,3.6,Ml,3-3.9,92,intermediate,26 km al NO de Camiña,-19.111,-69.543,https://www.sismologia.cl/sismicidad/informes/2023/07/204143.html
2023-07-16,09:27:04,9:00 - 10:00,Central Hours,3.5,Ml,3-3.9,110,intermediate,26 km al E de Camiña,-19.371,-69.19,https://www.sismologia.cl/sismicidad/informes/2023/07/204139.html
2023-07-16,08:09:27,8:00 - 9:00,Central Hours,3.1,Ml,3-3.9,32,shallow,10 km al O de Vichuquén,-34.848,-72.09,https://www.sismologia.cl/sismicidad/informes/2023/07/204134.html
2023-07-16,07:24:38,7:00 - 8:00,Early Hours,4.0,Ml,4-4.9,107,intermediate,16 km al N de Farellones,-33.212,-70.292,https://www.sismologia.cl/sismicidad/informes/2023/07/204131.html
2023-07-16,05:16:38,5:00 - 6:00,Early Hours,3.1,Ml,3-3.9,42,shallow,53 km al O de Tongoy,-30.308,-72.041,https://www.sismologia.cl/sismicidad/informes/2023/07/204125.html
2023-07-16,04:35:54,4:00 - 5:00,Early Hours,3.3,Ml,3-3.9,41,shallow,36 km al S de Huasco,-28.78,-71.32,https://www.sismologia.cl/sismicidad/informes/2023/07/204122.html
2023-07-16,02:07:33,2:00 - 3:00,Early Hours,2.8,Ml,<3,28,shallow,15 km al SE de Los Vilos,-32.011,-71.409,https://www.sismologia.cl/sismicidad/informes/2023/07/204111.html
2023-07-16,01:23:43,1:00 - 2:00,Early Hours,3.2,Ml,3-3.9,63,intermediate,62 km al S de Alto Hospicio,-20.797,-70.301,https://www.sismologia.cl/sismicidad/informes/2023/07/204108.html
2023-07-16,23:31:47,23:00 - 24:00,Later Hours,3.2,Ml,3-3.9,16,shallow,149 km al O de Lebu,-37.521,-75.347,https://www.sismologia.cl/sismicidad/informes/2023/07/204104.html
2023-07-16,20:58:40,20:00 - 21:00,Later Hours,3.0,Ml,3-3.9,104,intermediate,47 km al SE de Pica,-20.879,-69.148,https://www.sismologia.cl/sismicidad/informes/2023/07/204100.html
2023-07-16,20:23:16,20:00 - 21:00,Later Hours,3.0,Ml,3-3.9,98,intermediate,14 km al N de Farellones,-33.228,-70.335,https://www.sismologia.cl/sismicidad/informes/2023/07/204093.html
2023-07-15,18:58:54,18:00 - 19:00,Later Hours,2.8,Ml,<3,54,intermediate,10 km al SO de Cuya,-19.236,-70.234,https://www.sismologia.cl/sismicidad/informes/2023/07/204090.html
2023-07-15,13:57:50,13:00 - 14:00,Central Hours,2.9,Ml,<3,104,intermediate,45 km al SE de Camiña,-19.626,-69.155,https://www.sismologia.cl/sismicidad/informes/2023/07/204054.html
2023-07-15,13:41:15,13:00 - 14:00,Central Hours,2.5,Ml,<3,106,intermediate,51 km al NE de Calama,-22.208,-68.524,https://www.sismologia.cl/sismicidad/informes/2023/07/204053.html
2023-07-15,12:08:37,12:00 - 13:00,Central Hours,2.7,Ml,<3,109,intermediate,38 km al SE de Pica,-20.763,-69.111,https://www.sismologia.cl/sismicidad/informes/2023/07/204045.html
2023-07-15,11:58:41,11:00 - 12:00,Central Hours,2.9,Ml,<3,30,shallow,59 km al O de La Serena,-29.818,-71.858,https://www.sismologia.cl/sismicidad/informes/2023/07/204044.html
2023-07-15,11:25:33,11:00 - 12:00,Central Hours,3.3,Ml,3-3.9,269,deep,63 km al SE de Socaire,-24.039,-67.507,https://www.sismologia.cl/sismicidad/informes/2023/07/204043.html
2023-07-15,10:17:13,10:00 - 11:00,Central Hours,3.5,Ml,3-3.9,98,intermediate,12 km al SE de Entre Lagos,-40.771,-72.51,https://www.sismologia.cl/sismicidad/informes/2023/07/204036.html
2023-07-15,07:22:10,7:00 - 8:00,Early Hours,3.6,Ml,3-3.9,120,intermediate,44 km al NE de Pica,-20.142,-69.137,https://www.sismologia.cl/sismicidad/informes/2023/07/204030.html
2023-07-15,07:05:07,7:00 - 8:00,Early Hours,2.7,Ml,<3,109,intermediate,44 km al O de Mina Collahuasi,-20.883,-69.074,https://www.sismologia.cl/sismicidad/informes/2023/07/204029.html
2023-07-15,06:35:29,6:00 - 7:00,Early Hours,2.8,Ml,<3,80,intermediate,45 km al S de Pica,-20.89,-69.357,https://www.sismologia.cl/sismicidad/informes/2023/07/204025.html
2023-07-15,04:51:57,4:00 - 5:00,Early Hours,2.7,Ml,<3,77,intermediate,35 km al E de Temuco,-38.686,-72.196,https://www.sismologia.cl/sismicidad/informes/2023/07/204015.html
2023-07-15,04:49:34,4:00 - 5:00,Early Hours,2.8,Ml,<3,35,shallow,37 km al O de La Serena,-29.781,-71.604,https://www.sismologia.cl/sismicidad/informes/2023/07/204013.html
2023-07-15,04:13:42,4:00 - 5:00,Early Hours,2.7,Ml,<3,126,intermediate,41 km al NE de Calama,-22.187,-68.673,https://www.sismologia.cl/sismicidad/informes/2023/07/204010.html
2023-07-15,03:33:57,3:00 - 4:00,Early Hours,3.4,Ml,3-3.9,76,intermediate,24 km al NO de Sierra Gorda.,-22.781,-69.512,https://www.sismologia.cl/sismicidad/informes/2023/07/204006.html
2023-07-15,00:39:05,0:00 - 1:00,Early Hours,3.6,Ml,3-3.9,214,intermediate,89 km al SE de Socaire,-24.337,-67.576,https://www.sismologia.cl/sismicidad/informes/2023/07/203995.html
2023-07-15,23:22:06,23:00 - 24:00,Later Hours,2.7,Ml,<3,32,shallow,75 km al N de Huasco,-27.816,-71.41,https://www.sismologia.cl/sismicidad/informes/2023/07/203991.html
2023-07-15,22:43:17,22:00 - 23:00,Later Hours,3.0,Ml,3-3.9,95,intermediate,40 km al NE de Pica,-20.166,-69.175,https://www.sismologia.cl/sismicidad/informes/2023/07/203989.html
2023-07-15,22:00:16,22:00 - 23:00,Later Hours,3.7,Ml,3-3.9,118,intermediate,78 km al E de Alto del Carmen,-28.711,-69.693,https://www.sismologia.cl/sismicidad/informes/2023/07/203984.html
2023-07-15,20:53:59,20:00 - 21:00,Later Hours,3.8,Ml,3-3.9,229,intermediate,73 km al SE de Socaire,-24.159,-67.541,https://www.sismologia.cl/sismicidad/informes/2023/07/203976.html
2023-07-15,20:08:46,20:00 - 21:00,Later Hours,2.6,Ml,<3,99,intermediate,54 km al E de Sierra Gorda.,-23.037,-68.809,https://www.sismologia.cl/sismicidad/informes/2023/07/203971.html
2023-07-14,19:57:10,19:00 - 20:00,Later Hours,2.8,Ml,<3,32,shallow,15 km al SO de Los Vilos,-32.036,-71.575,https://www.sismologia.cl/sismicidad/informes/2023/07/203968.html
2023-07-14,17:43:15,17:00 - 18:00,Later Hours,2.6,Ml,<3,37,shallow,73 km al O de Navidad,-33.815,-72.601,https://www.sismologia.cl/sismicidad/informes/2023/07/203954.html
2023-07-14,17:11:17,17:00 - 18:00,Later Hours,3.7,Ml,3-3.9,116,intermediate,29 km al SE de Villarrica,-39.441,-71.962,https://www.sismologia.cl/sismicidad/informes/2023/07/203947.html
2023-07-14,16:44:46,16:00 - 17:00,Later Hours,3.0,Ml,3-3.9,15,shallow,54 km al SO de Puerto Aysén,-45.861,-72.947,https://www.sismologia.cl/sismicidad/informes/2023/07/203941.html
2023-07-14,13:47:33,13:00 - 14:00,Central Hours,3.2,Ml,3-3.9,64,intermediate,26 km al SO de Los Vilos,-32.104,-71.66,https://www.sismologia.cl/sismicidad/informes/2023/07/203923.html
2023-07-14,13:01:44,13:00 - 14:00,Central Hours,4.3,Ml,4-4.9,74,intermediate,8 km al E de Melipilla,-33.675,-71.132,https://www.sismologia.cl/sismicidad/informes/2023/07/203919.html
2023-07-14,12:09:47,12:00 - 13:00,Central Hours,3.1,Ml,3-3.9,29,shallow,37 km al NO de Canela Baja,-31.167,-71.732,https://www.sismologia.cl/sismicidad/informes/2023/07/203918.html
2023-07-14,10:21:48,10:00 - 11:00,Central Hours,2.9,Ml,<3,74,intermediate,51 km al O de Mina La Escondida.,-24.207,-69.557,https://www.sismologia.cl/sismicidad/informes/2023/07/203912.html
2023-07-14,08:53:09,8:00 - 9:00,Central Hours,3.1,Ml,3-3.9,115,intermediate,54 km al NE de Calama,-22.083,-68.606,https://www.sismologia.cl/sismicidad/informes/2023/07/203907.html
2023-07-14,08:27:16,8:00 - 9:00,Central Hours,2.9,Ml,<3,109,intermediate,26 km al N de Calama,-22.235,-68.889,https://www.sismologia.cl/sismicidad/informes/2023/07/203904.html
2023-07-14,06:11:45,6:00 - 7:00,Early Hours,2.3,Ml,<3,41,shallow,15 km al SO de Tocopilla,-22.199,-70.299,https://www.sismologia.cl/sismicidad/informes/2023/07/203900.html
2023-07-14,03:55:18,3:00 - 4:00,Early Hours,2.8,Ml,<3,53,intermediate,32 km al NO de La Higuera,-29.243,-71.326,https://www.sismologia.cl/sismicidad/informes/2023/07/203885.html
2023-07-14,20:59:17,20:00 - 21:00,Later Hours,3.0,Ml,3-3.9,95,intermediate,57 km al S de Camiña,-19.807,-69.266,https://www.sismologia.cl/sismicidad/informes/2023/07/203865.html
2023-07-13,19:29:52,19:00 - 20:00,Later Hours,2.7,Ml,<3,62,intermediate,32 km al S de Taltal,-25.698,-70.448,https://www.sismologia.cl/sismicidad/informes/2023/07/203864.html
2023-07-13,16:35:47,16:00 - 17:00,Later Hours,3.3,Ml,3-3.9,127,intermediate,53 km al SO de Mina Collahuasi,-21.224,-68.941,https://www.sismologia.cl/sismicidad/informes/2023/07/203845.html
2023-07-13,15:18:10,15:00 - 16:00,Central Hours,3.8,Ml,3-3.9,148,intermediate,35 km al E de Antuco,-37.339,-71.275,https://www.sismologia.cl/sismicidad/informes/2023/07/203840.html
2023-07-13,14:02:34,14:00 - 15:00,Central Hours,2.7,Ml,<3,100,intermediate,55 km al S de Camiña,-19.801,-69.532,https://www.sismologia.cl/sismicidad/informes/2023/07/203829.html
2023-07-13,12:40:28,12:00 - 13:00,Central Hours,3.3,Ml,3-3.9,12,shallow,61 km al SO de Castro,-42.824,-74.348,https://www.sismologia.cl/sismicidad/informes/2023/07/203828.html
2023-07-13,11:06:56,11:00 - 12:00,Central Hours,2.8,Ml,<3,53,intermediate,31 km al N de La Higuera,-29.233,-71.251,https://www.sismologia.cl/sismicidad/informes/2023/07/203822.html
2023-07-13,11:00:51,11:00 - 12:00,Central Hours,3.0,Ml,3-3.9,215,intermediate,83 km al SE de Socaire,-24.121,-67.321,https://www.sismologia.cl/sismicidad/informes/2023/07/203821.html
2023-07-13,09:19:17,9:00 - 10:00,Central Hours,2.8,Ml,<3,110,intermediate,41 km al E de Los Andes.,-32.699,-70.192,https://www.sismologia.cl/sismicidad/informes/2023/07/203811.html
2023-07-13,08:28:28,8:00 - 9:00,Central Hours,3.0,Ml,3-3.9,33,shallow,84 km al O de Vichuquén,-34.653,-72.867,https://www.sismologia.cl/sismicidad/informes/2023/07/203808.html
2023-07-13,06:06:33,6:00 - 7:00,Early Hours,2.9,Ml,<3,100,intermediate,24 km al S de Pica,-20.693,-69.408,https://www.sismologia.cl/sismicidad/informes/2023/07/203800.html
2023-07-13,05:17:21,5:00 - 6:00,Early Hours,2.8,Ml,<3,28,shallow,13 km al N de Pichilemu,-34.273,-72.023,https://www.sismologia.cl/sismicidad/informes/2023/07/203793.html
2023-07-13,04:17:17,4:00 - 5:00,Early Hours,2.9,Ml,<3,96,intermediate,26 km al NE de Pica,-20.306,-69.169,https://www.sismologia.cl/sismicidad/informes/2023/07/203787.html
2023-07-13,00:54:47,0:00 - 1:00,Early Hours,3.4,Ml,3-3.9,135,intermediate,14 km al S de San Pedro de Atacama,-23.041,-68.248,https://www.sismologia.cl/sismicidad/informes/2023/07/203773.html
2023-07-13,00:16:57,0:00 - 1:00,Early Hours,3.9,Ml,3-3.9,42,shallow,18 km al E de Vichuquén,-34.911,-71.802,https://www.sismologia.cl/sismicidad/informes/2023/07/203770.html
2023-07-13,21:33:51,21:00 - 22:00,Later Hours,2.7,Ml,<3,24,shallow,30 km al SO de Los Vilos,-32.132,-71.701,https://www.sismologia.cl/sismicidad/informes/2023/07/203759.html
2023-07-13,20:28:08,20:00 - 21:00,Later Hours,3.9,Ml,3-3.9,229,intermediate,95 km al E de Socaire,-23.861,-67.003,https://www.sismologia.cl/sismicidad/informes/2023/07/203753.html
2023-07-12,17:03:46,17:00 - 18:00,Later Hours,3.0,Ml,3-3.9,104,intermediate,44 km al NE de Mina La Escondida.,-23.914,-68.871,https://www.sismologia.cl/sismicidad/informes/2023/07/203736.html
2023-07-12,16:33:06,16:00 - 17:00,Later Hours,2.7,Ml,<3,25,shallow,28 km al O de Arauco,-37.337,-73.611,https://www.sismologia.cl/sismicidad/informes/2023/07/203733.html
2023-07-12,16:23:22,16:00 - 17:00,Later Hours,2.6,Ml,<3,16,shallow,128 km al O de Tocopilla,-21.728,-71.376,https://www.sismologia.cl/sismicidad/informes/2023/07/203730.html
2023-07-12,13:52:18,13:00 - 14:00,Central Hours,4.3,Ml,4-4.9,12,shallow,65 km al SO de Castro,-42.806,-74.417,https://www.sismologia.cl/sismicidad/informes/2023/07/203714.html
2023-07-12,13:08:20,13:00 - 14:00,Central Hours,3.2,Ml,3-3.9,86,intermediate,26 km al S de Sierra Gorda.,-23.125,-69.259,https://www.sismologia.cl/sismicidad/informes/2023/07/203710.html
2023-07-12,09:49:15,9:00 - 10:00,Central Hours,2.9,Ml,<3,29,shallow,108 km al O de Tongoy,-30.43,-72.601,https://www.sismologia.cl/sismicidad/informes/2023/07/203699.html
2023-07-12,07:07:53,7:00 - 8:00,Early Hours,2.7,Ml,<3,202,intermediate,86 km al E de Socaire,-23.359,-67.082,https://www.sismologia.cl/sismicidad/informes/2023/07/203690.html
2023-07-12,06:27:32,6:00 - 7:00,Early Hours,3.3,Ml,3-3.9,151,intermediate,23 km al SO de Visviri,-17.774,-69.598,https://www.sismologia.cl/sismicidad/informes/2023/07/203688.html
2023-07-12,06:20:41,6:00 - 7:00,Early Hours,2.5,Ml,<3,38,shallow,41 km al SO de Los Vilos,-32.25,-71.672,https://www.sismologia.cl/sismicidad/informes/2023/07/203687.html
2023-07-12,05:21:01,5:00 - 6:00,Early Hours,2.6,Ml,<3,82,intermediate,22 km al SO de Rancagua,-34.259,-70.951,https://www.sismologia.cl/sismicidad/informes/2023/07/203685.html
2023-07-12,03:44:27,3:00 - 4:00,Early Hours,2.8,Ml,<3,72,intermediate,12 km al E de Talca,-35.443,-71.532,https://www.sismologia.cl/sismicidad/informes/2023/07/203677.html
2023-07-12,03:43:33,3:00 - 4:00,Early Hours,2.8,Ml,<3,238,intermediate,82 km al E de Socaire,-23.805,-67.117,https://www.sismologia.cl/sismicidad/informes/2023/07/203676.html
2023-07-12,01:44:13,1:00 - 2:00,Early Hours,2.8,Ml,<3,30,shallow,59 km al O de La Ligua,-32.507,-71.853,https://www.sismologia.cl/sismicidad/informes/2023/07/203666.html
2023-07-12,01:40:33,1:00 - 2:00,Early Hours,2.7,Ml,<3,155,intermediate,13 km al NE de Ollagüe,-21.134,-68.179,https://www.sismologia.cl/sismicidad/informes/2023/07/203664.html
2023-07-12,01:18:03,1:00 - 2:00,Early Hours,4.1,Ml,4-4.9,112,intermediate,60 km al N de Calama,-21.946,-68.787,https://www.sismologia.cl/sismicidad/informes/2023/07/203661.html
2023-07-12,00:40:20,0:00 - 1:00,Early Hours,2.8,Ml,<3,36,shallow,36 km al SO de Los Vilos,-32.143,-71.784,https://www.sismologia.cl/sismicidad/informes/2023/07/203659.html
2023-07-12,22:51:47,22:00 - 23:00,Later Hours,3.2,Ml,3-3.9,102,intermediate,37 km al SO de Mina Collahuasi,-21.029,-68.943,https://www.sismologia.cl/sismicidad/informes/2023/07/203652.html
2023-07-11,19:42:51,19:00 - 20:00,Later Hours,3.3,Ml,3-3.9,24,shallow,49 km al O de Valparaíso,-33.102,-72.132,https://www.sismologia.cl/sismicidad/informes/2023/07/203644.html
2023-07-11,19:13:21,19:00 - 20:00,Later Hours,3.9,Ml,3-3.9,218,intermediate,95 km al SE de Socaire,-24.329,-67.423,https://www.sismologia.cl/sismicidad/informes/2023/07/203641.html
2023-07-11,18:45:40,18:00 - 19:00,Later Hours,2.7,Ml,<3,9,shallow,23 km al NO de Vichuquén,-34.746,-72.182,https://www.sismologia.cl/sismicidad/informes/2023/07/203638.html
2023-07-11,18:15:08,18:00 - 19:00,Later Hours,2.5,Ml,<3,8,shallow,35 km al SO de Los Vilos,-32.145,-71.757,https://www.sismologia.cl/sismicidad/informes/2023/07/203636.html
2023-07-11,17:58:10,17:00 - 18:00,Later Hours,4.6,Ml,4-4.9,241,intermediate,81 km al SE de Socaire,-24.02,-67.242,https://www.sismologia.cl/sismicidad/informes/2023/07/203634.html
2023-07-11,16:42:21,16:00 - 17:00,Later Hours,3.7,Ml,3-3.9,212,intermediate,84 km al E de Socaire,-23.626,-67.067,https://www.sismologia.cl/sismicidad/informes/2023/07/203627.html
2023-07-11,16:41:15,16:00 - 17:00,Later Hours,3.1,Ml,3-3.9,112,intermediate,45 km al SE de Pica,-20.823,-69.088,https://www.sismologia.cl/sismicidad/informes/2023/07/203624.html
2023-07-11,14:59:00,14:00 - 15:00,Central Hours,2.6,Ml,<3,101,intermediate,61 km al NE de Pica,-19.991,-69.086,https://www.sismologia.cl/sismicidad/informes/2023/07/203609.html
2023-07-11,14:35:44,14:00 - 15:00,Central Hours,4.8,Mw,4-4.9,8,shallow,29 km al NO de Tirúa,-38.222,-73.784,https://www.sismologia.cl/sismicidad/informes/2023/07/203606.html
2023-07-11,14:24:43,14:00 - 15:00,Central Hours,3.0,Ml,3-3.9,35,shallow,37 km al N de Valparaíso,-32.723,-71.685,https://www.sismologia.cl/sismicidad/informes/2023/07/203603.html
2023-07-11,14:10:57,14:00 - 15:00,Central Hours,4.1,Ml,4-4.9,199,intermediate,114 km al SE de Socaire,-24.386,-67.187,https://www.sismologia.cl/sismicidad/informes/2023/07/203600.html
2023-07-11,14:05:23,14:00 - 15:00,Central Hours,3.9,Ml,3-3.9,266,deep,73 km al S de Socaire,-24.227,-68.068,https://www.sismologia.cl/sismicidad/informes/2023/07/203599.html
2023-07-11,13:07:15,13:00 - 14:00,Central Hours,3.2,Ml,3-3.9,66,intermediate,29 km al SO de Quillagua,-21.861,-69.704,https://www.sismologia.cl/sismicidad/informes/2023/07/203590.html
2023-07-11,12:16:36,12:00 - 13:00,Central Hours,3.1,Ml,3-3.9,20,shallow,43 km al O de Valparaíso,-33.09,-72.068,https://www.sismologia.cl/sismicidad/informes/2023/07/203585.html
2023-07-11,09:06:27,9:00 - 10:00,Central Hours,2.5,Ml,<3,128,intermediate,60 km al SO de Ollagüe,-21.702,-68.533,https://www.sismologia.cl/sismicidad/informes/2023/07/203575.html
2023-07-11,06:21:34,6:00 - 7:00,Early Hours,3.2,Ml,3-3.9,26,shallow,32 km al O de Valparaíso,-33.131,-71.941,https://www.sismologia.cl/sismicidad/informes/2023/07/203565.html
2023-07-11,05:58:03,5:00 - 6:00,Early Hours,2.6,Ml,<3,95,intermediate,26 km al E de Calama,-22.519,-68.68,https://www.sismologia.cl/sismicidad/informes/2023/07/203560.html
2023-07-11,05:40:16,5:00 - 6:00,Early Hours,2.8,Ml,<3,15,shallow,44 km al SO de Huasco,-28.806,-71.449,https://www.sismologia.cl/sismicidad/informes/2023/07/203555.html
2023-07-11,05:33:57,5:00 - 6:00,Early Hours,2.6,Ml,<3,28,shallow,59 km al O de La Ligua,-32.508,-71.852,https://www.sismologia.cl/sismicidad/informes/2023/07/203553.html
2023-07-11,05:23:53,5:00 - 6:00,Early Hours,2.8,Ml,<3,52,intermediate,78 km al S de Caldera,-27.745,-71.013,https://www.sismologia.cl/sismicidad/informes/2023/07/203552.html
2023-07-11,05:14:51,5:00 - 6:00,Early Hours,2.8,Ml,<3,102,intermediate,76 km al SO de Ollagüe,-21.755,-68.716,https://www.sismologia.cl/sismicidad/informes/2023/07/203549.html
2023-07-11,04:22:27,4:00 - 5:00,Early Hours,3.3,Ml,3-3.9,208,intermediate,72 km al SE de Socaire,-23.896,-67.269,https://www.sismologia.cl/sismicidad/informes/2023/07/203546.html
2023-07-11,03:44:46,3:00 - 4:00,Early Hours,3.1,Ml,3-3.9,118,intermediate,23 km al NO de San Pedro de Atacama,-22.793,-68.377,https://www.sismologia.cl/sismicidad/informes/2023/07/203539.html
2023-07-11,03:41:52,3:00 - 4:00,Early Hours,2.7,Ml,<3,105,intermediate,21 km al O de Mina Collahuasi,-20.858,-68.858,https://www.sismologia.cl/sismicidad/informes/2023/07/203537.html
2023-07-11,02:36:18,2:00 - 3:00,Early Hours,2.6,Ml,<3,25,shallow,76 km al O de Arauco,-36.966,-74.102,https://www.sismologia.cl/sismicidad/informes/2023/07/203529.html
2023-07-11,23:57:07,23:00 - 24:00,Later Hours,3.3,Ml,3-3.9,130,intermediate,23 km al O de Socaire,-23.633,-68.11,https://www.sismologia.cl/sismicidad/informes/2023/07/203517.html
2023-07-11,23:04:57,23:00 - 24:00,Later Hours,2.5,Ml,<3,35,shallow,38 km al O de Valparaíso,-33.101,-72.014,https://www.sismologia.cl/sismicidad/informes/2023/07/203515.html
2023-07-11,22:29:28,22:00 - 23:00,Later Hours,2.9,Ml,<3,111,intermediate,59 km al E de Sierra Gorda.,-23.06,-68.764,https://www.sismologia.cl/sismicidad/informes/2023/07/203510.html
2023-07-11,22:28:38,22:00 - 23:00,Later Hours,3.4,Ml,3-3.9,277,deep,44 km al S de Socaire,-23.962,-68.04,https://www.sismologia.cl/sismicidad/informes/2023/07/203513.html
2023-07-11,22:27:50,22:00 - 23:00,Later Hours,3.6,Ml,3-3.9,102,intermediate,14 km al N de Farellones,-33.222,-70.319,https://www.sismologia.cl/sismicidad/informes/2023/07/203508.html
2023-07-11,21:11:38,21:00 - 22:00,Later Hours,4.1,Ml,4-4.9,36,shallow,45 km al O de Valparaíso,-33.097,-72.093,https://www.sismologia.cl/sismicidad/informes/2023/07/203503.html
2023-07-11,20:26:26,20:00 - 21:00,Later Hours,3.5,Ml,3-3.9,75,intermediate,12 km al E de La Higuera,-29.492,-71.077,https://www.sismologia.cl/sismicidad/informes/2023/07/203499.html
2023-07-11,20:17:49,20:00 - 21:00,Later Hours,2.5,Ml,<3,111,intermediate,44 km al SO de Mina Collahuasi,-21.098,-68.966,https://www.sismologia.cl/sismicidad/informes/2023/07/203497.html
2023-07-10,19:06:26,19:00 - 20:00,Later Hours,3.1,Ml,3-3.9,29,shallow,53 km al O de Tongoy,-30.399,-72.02,https://www.sismologia.cl/sismicidad/informes/2023/07/203492.html
2023-07-10,16:56:02,16:00 - 17:00,Later Hours,2.6,Ml,<3,46,shallow,33 km al S de Antofagasta,-23.927,-70.324,https://www.sismologia.cl/sismicidad/informes/2023/07/203479.html
2023-07-10,16:09:20,16:00 - 17:00,Later Hours,3.4,Ml,3-3.9,219,intermediate,94 km al SE de Socaire,-24.283,-67.366,https://www.sismologia.cl/sismicidad/informes/2023/07/203473.html
2023-07-10,11:37:45,11:00 - 12:00,Central Hours,4.1,Ml,4-4.9,35,shallow,31 km al SO de La Ligua,-32.62,-71.493,https://www.sismologia.cl/sismicidad/informes/2023/07/203447.html
2023-07-10,08:48:02,8:00 - 9:00,Central Hours,2.9,Ml,<3,118,intermediate,50 km al S de Mina Collahuasi,-21.25,-68.821,https://www.sismologia.cl/sismicidad/informes/2023/07/203434.html
2023-07-10,08:43:50,8:00 - 9:00,Central Hours,2.6,Ml,<3,116,intermediate,62 km al SO de Ollagüe,-21.682,-68.588,https://www.sismologia.cl/sismicidad/informes/2023/07/203433.html
2023-07-10,05:57:51,5:00 - 6:00,Early Hours,2.9,Ml,<3,109,intermediate,47 km al SO de Mina Collahuasi,-21.119,-68.991,https://www.sismologia.cl/sismicidad/informes/2023/07/203424.html
2023-07-10,05:45:02,5:00 - 6:00,Early Hours,2.6,Ml,<3,15,shallow,76 km al O de Arica,-18.599,-71.027,https://www.sismologia.cl/sismicidad/informes/2023/07/203421.html
2023-07-10,05:31:47,5:00 - 6:00,Early Hours,2.5,Ml,<3,110,intermediate,30 km al SO de Putre,-18.439,-69.686,https://www.sismologia.cl/sismicidad/informes/2023/07/203415.html
2023-07-10,05:29:01,5:00 - 6:00,Early Hours,2.5,Ml,<3,22,shallow,28 km al NO de Concepción,-36.702,-73.317,https://www.sismologia.cl/sismicidad/informes/2023/07/203414.html
2023-07-10,03:15:37,3:00 - 4:00,Early Hours,2.9,Ml,<3,234,intermediate,55 km al S de Socaire,-24.056,-67.713,https://www.sismologia.cl/sismicidad/informes/2023/07/203406.html
2023-07-10,02:15:07,2:00 - 3:00,Early Hours,3.3,Ml,3-3.9,16,shallow,313 km al SO de Melinka,-45.515,-76.99,https://www.sismologia.cl/sismicidad/informes/2023/07/203402.html
2023-07-10,01:47:26,1:00 - 2:00,Early Hours,2.8,Ml,<3,102,intermediate,11 km al O de Calama,-22.466,-69.034,https://www.sismologia.cl/sismicidad/informes/2023/07/203399.html
2023-07-10,01:47:25,1:00 - 2:00,Early Hours,2.6,Ml,<3,112,intermediate,48 km al SO de Mina Collahuasi,-21.172,-68.937,https://www.sismologia.cl/sismicidad/informes/2023/07/203398.html
2023-07-10,23:18:38,23:00 - 24:00,Later Hours,2.7,Ml,<3,37,shallow,20 km al SO de Valparaíso,-33.203,-71.728,https://www.sismologia.cl/sismicidad/informes/2023/07/203390.html
2023-07-10,22:58:13,22:00 - 23:00,Later Hours,3.1,Ml,3-3.9,91,intermediate,12 km al NO de Farellones,-33.274,-70.396,https://www.sismologia.cl/sismicidad/informes/2023/07/203387.html
2023-07-09,19:23:41,19:00 - 20:00,Later Hours,3.5,Ml,3-3.9,110,intermediate,48 km al SO de Mina Collahuasi,-21.085,-69.022,https://www.sismologia.cl/sismicidad/informes/2023/07/203371.html
2023-07-09,18:16:05,18:00 - 19:00,Later Hours,2.8,Ml,<3,102,intermediate,19 km al SE de San Fernando,-34.744,-70.911,https://www.sismologia.cl/sismicidad/informes/2023/07/203366.html
2023-07-09,18:04:10,18:00 - 19:00,Later Hours,4.1,Ml,4-4.9,58,intermediate,17 km al O de Andacollo,-30.213,-71.262,https://www.sismologia.cl/sismicidad/informes/2023/07/203361.html
2023-07-09,13:43:47,13:00 - 14:00,Central Hours,2.8,Ml,<3,248,intermediate,80 km al E de Socaire,-23.822,-67.148,https://www.sismologia.cl/sismicidad/informes/2023/07/203324.html
2023-07-09,13:34:48,13:00 - 14:00,Central Hours,3.3,Ml,3-3.9,106,intermediate,44 km al E de Talca,-35.488,-71.189,https://www.sismologia.cl/sismicidad/informes/2023/07/203322.html
2023-07-09,13:15:48,13:00 - 14:00,Central Hours,2.9,Ml,<3,105,intermediate,15 km al NO de Farellones,-33.224,-70.379,https://www.sismologia.cl/sismicidad/informes/2023/07/203320.html
2023-07-09,13:11:33,13:00 - 14:00,Central Hours,5.6,Mww,5-5.9,110,intermediate,15 km al N de Farellones,-33.222,-70.271,https://www.sismologia.cl/sismicidad/informes/2023/07/203315.html
2023-07-09,12:43:12,12:00 - 13:00,Central Hours,2.9,Ml,<3,97,intermediate,45 km al S de Camiña,-19.711,-69.379,https://www.sismologia.cl/sismicidad/informes/2023/07/203310.html
2023-07-09,11:26:49,11:00 - 12:00,Central Hours,2.5,Ml,<3,114,intermediate,47 km al SO de Mina Collahuasi,-21.117,-68.987,https://www.sismologia.cl/sismicidad/informes/2023/07/203305.html
2023-07-09,08:43:35,8:00 - 9:00,Central Hours,2.8,Ml,<3,231,intermediate,68 km al E de Socaire,-23.787,-67.257,https://www.sismologia.cl/sismicidad/informes/2023/07/203296.html
2023-07-09,07:40:55,7:00 - 8:00,Early Hours,2.8,Ml,<3,35,shallow,131 km al O de Antofagasta,-23.765,-71.687,https://www.sismologia.cl/sismicidad/informes/2023/07/203295.html
2023-07-09,06:35:12,6:00 - 7:00,Early Hours,2.6,Ml,<3,74,intermediate,33 km al SE de La Ligua,-32.617,-70.939,https://www.sismologia.cl/sismicidad/informes/2023/07/203290.html
2023-07-09,06:03:48,6:00 - 7:00,Early Hours,3.4,Ml,3-3.9,223,intermediate,53 km al S de Socaire,-24.048,-67.748,https://www.sismologia.cl/sismicidad/informes/2023/07/203287.html
2023-07-09,05:43:55,5:00 - 6:00,Early Hours,2.5,Ml,<3,107,intermediate,48 km al SO de Mina Collahuasi,-21.202,-68.886,https://www.sismologia.cl/sismicidad/informes/2023/07/203282.html
2023-07-09,05:13:07,5:00 - 6:00,Early Hours,2.8,Ml,<3,105,intermediate,30 km al S de Mina Collahuasi,-21.089,-68.707,https://www.sismologia.cl/sismicidad/informes/2023/07/203278.html
2023-07-09,05:00:44,5:00 - 6:00,Early Hours,3.2,Ml,3-3.9,112,intermediate,16 km al NE de Calama,-22.378,-68.804,https://www.sismologia.cl/sismicidad/informes/2023/07/203275.html
2023-07-09,04:46:00,4:00 - 5:00,Early Hours,2.8,Ml,<3,211,intermediate,78 km al S de Socaire,-24.282,-67.742,https://www.sismologia.cl/sismicidad/informes/2023/07/203274.html
2023-07-09,04:24:02,4:00 - 5:00,Early Hours,2.6,Ml,<3,13,shallow,48 km al NO de Valdivia,-39.539,-73.68,https://www.sismologia.cl/sismicidad/informes/2023/07/203272.html
2023-07-09,03:37:41,3:00 - 4:00,Early Hours,2.8,Ml,<3,68,intermediate,31 km al O de Sierra Gorda.,-23.005,-69.596,https://www.sismologia.cl/sismicidad/informes/2023/07/203269.html
2023-07-09,01:14:41,1:00 - 2:00,Early Hours,3.3,Ml,3-3.9,135,intermediate,10 km al SE de Calama,-22.509,-68.847,https://www.sismologia.cl/sismicidad/informes/2023/07/203265.html
2023-07-09,00:49:19,0:00 - 1:00,Early Hours,2.9,Ml,<3,65,intermediate,17 km al NO de Canela Baja,-31.288,-71.576,https://www.sismologia.cl/sismicidad/informes/2023/07/203261.html
2023-07-09,23:51:32,23:00 - 24:00,Later Hours,3.1,Ml,3-3.9,104,intermediate,32 km al S de Pica,-20.773,-69.288,https://www.sismologia.cl/sismicidad/informes/2023/07/203258.html
2023-07-09,22:29:59,22:00 - 23:00,Later Hours,2.6,Ml,<3,110,intermediate,40 km al O de Ollagüe,-21.28,-68.633,https://www.sismologia.cl/sismicidad/informes/2023/07/203248.html
2023-07-09,21:10:16,21:00 - 22:00,Later Hours,2.8,Ml,<3,79,intermediate,24 km al SO de Calama,-22.666,-69.031,https://www.sismologia.cl/sismicidad/informes/2023/07/203242.html
2023-07-09,21:01:08,21:00 - 22:00,Later Hours,3.0,Ml,3-3.9,235,intermediate,64 km al SE de Socaire,-23.885,-67.345,https://www.sismologia.cl/sismicidad/informes/2023/07/203241.html
2023-07-08,18:13:55,18:00 - 19:00,Later Hours,2.5,Ml,<3,24,shallow,29 km al O de Navidad,-33.89,-72.134,https://www.sismologia.cl/sismicidad/informes/2023/07/203233.html
2023-07-08,14:16:25,14:00 - 15:00,Central Hours,2.6,Ml,<3,132,intermediate,66 km al NE de Calama,-21.931,-68.673,https://www.sismologia.cl/sismicidad/informes/2023/07/203216.html
2023-07-08,13:49:02,13:00 - 14:00,Central Hours,3.0,Ml,3-3.9,102,intermediate,68 km al SE de Mina La Escondida.,-24.793,-68.716,https://www.sismologia.cl/sismicidad/informes/2023/07/203211.html
2023-07-08,12:18:17,12:00 - 13:00,Central Hours,2.7,Ml,<3,108,intermediate,45 km al S de Mina Collahuasi,-21.218,-68.782,https://www.sismologia.cl/sismicidad/informes/2023/07/203205.html
2023-07-08,11:03:12,11:00 - 12:00,Central Hours,3.0,Ml,3-3.9,34,shallow,39 km al O de Los Vilos,-31.839,-71.916,https://www.sismologia.cl/sismicidad/informes/2023/07/203199.html
2023-07-08,05:03:31,5:00 - 6:00,Early Hours,3.6,Ml,3-3.9,221,intermediate,100 km al E de Socaire,-23.553,-66.914,https://www.sismologia.cl/sismicidad/informes/2023/07/203190.html
2023-07-08,23:52:52,23:00 - 24:00,Later Hours,4.0,Ml,4-4.9,69,intermediate,20 km al SE de Los Vilos,-32.075,-71.43,https://www.sismologia.cl/sismicidad/informes/2023/07/203174.html
2023-07-08,20:41:37,20:00 - 21:00,Later Hours,3.6,Ml,3-3.9,31,shallow,37 km al O de Taltal,-25.506,-70.836,https://www.sismologia.cl/sismicidad/informes/2023/07/203166.html
2023-07-07,18:27:11,18:00 - 19:00,Later Hours,2.7,Ml,<3,34,shallow,42 km al N de Huasco,-28.105,-71.363,https://www.sismologia.cl/sismicidad/informes/2023/07/203159.html
2023-07-07,17:14:45,17:00 - 18:00,Later Hours,3.6,Ml,3-3.9,110,intermediate,43 km al SO de Mina Collahuasi,-21.13,-68.922,https://www.sismologia.cl/sismicidad/informes/2023/07/203156.html
2023-07-07,14:55:51,14:00 - 15:00,Central Hours,3.2,Ml,3-3.9,88,intermediate,63 km al S de Putre,-18.739,-69.746,https://www.sismologia.cl/sismicidad/informes/2023/07/203146.html
2023-07-07,14:52:05,14:00 - 15:00,Central Hours,3.2,Ml,3-3.9,93,intermediate,97 km al O de Mina La Escondida.,-24.623,-69.931,https://www.sismologia.cl/sismicidad/informes/2023/07/203144.html
2023-07-07,11:56:38,11:00 - 12:00,Central Hours,4.0,Ml,4-4.9,105,intermediate,76 km al N de Calama,-21.82,-68.701,https://www.sismologia.cl/sismicidad/informes/2023/07/203128.html
2023-07-07,10:57:57,10:00 - 11:00,Central Hours,3.0,Ml,3-3.9,26,shallow,18 km al SO de Cobquecura,-36.221,-72.961,https://www.sismologia.cl/sismicidad/informes/2023/07/203125.html
2023-07-07,09:35:55,9:00 - 10:00,Central Hours,2.9,Ml,<3,119,intermediate,76 km al SE de Sierra Gorda.,-23.485,-68.94,https://www.sismologia.cl/sismicidad/informes/2023/07/203123.html
2023-07-07,06:46:50,6:00 - 7:00,Early Hours,3.0,Ml,3-3.9,34,shallow,18 km al SO de Cobquecura,-36.205,-72.967,https://www.sismologia.cl/sismicidad/informes/2023/07/203118.html
2023-07-07,05:38:47,5:00 - 6:00,Early Hours,2.9,Ml,<3,70,intermediate,59 km al S de Alto Hospicio,-20.798,-70.115,https://www.sismologia.cl/sismicidad/informes/2023/07/203112.html
2023-07-07,05:28:52,5:00 - 6:00,Early Hours,3.2,Ml,3-3.9,26,shallow,27 km al NO de Valparaíso,-32.827,-71.732,https://www.sismologia.cl/sismicidad/informes/2023/07/203111.html
2023-07-07,05:17:22,5:00 - 6:00,Early Hours,4.3,Ml,4-4.9,34,shallow,41 km al NO de Valparaíso,-32.735,-71.848,https://www.sismologia.cl/sismicidad/informes/2023/07/203104.html
2023-07-07,04:30:23,4:00 - 5:00,Early Hours,3.5,Ml,3-3.9,199,intermediate,117 km al E de Socaire,-23.661,-66.746,https://www.sismologia.cl/sismicidad/informes/2023/07/203100.html
2023-07-07,02:18:22,2:00 - 3:00,Early Hours,2.6,Ml,<3,58,intermediate,18 km al SO de Punitaqui,-30.978,-71.344,https://www.sismologia.cl/sismicidad/informes/2023/07/203093.html
2023-07-07,01:37:10,1:00 - 2:00,Early Hours,4.0,Ml,4-4.9,184,intermediate,113 km al SE de Socaire,-24.428,-67.268,https://www.sismologia.cl/sismicidad/informes/2023/07/203091.html
2023-07-07,00:14:56,0:00 - 1:00,Early Hours,2.9,Ml,<3,88,intermediate,37 km al SE de Pica,-20.769,-69.137,https://www.sismologia.cl/sismicidad/informes/2023/07/203087.html
2023-07-07,23:06:48,23:00 - 24:00,Later Hours,2.7,Ml,<3,108,intermediate,39 km al NE de Pica,-20.203,-69.12,https://www.sismologia.cl/sismicidad/informes/2023/07/203082.html
2023-07-07,21:13:23,21:00 - 22:00,Later Hours,3.1,Ml,3-3.9,98,intermediate,35 km al NE de Mina La Escondida.,-24.024,-68.838,https://www.sismologia.cl/sismicidad/informes/2023/07/203073.html
2023-07-07,20:52:56,20:00 - 21:00,Later Hours,2.4,Ml,<3,32,shallow,32 km al O de La Higuera,-29.456,-71.53,https://www.sismologia.cl/sismicidad/informes/2023/07/203070.html
2023-07-06,15:53:30,15:00 - 16:00,Central Hours,3.2,Ml,3-3.9,108,intermediate,36 km al E de Linares,-35.966,-71.223,https://www.sismologia.cl/sismicidad/informes/2023/07/203049.html
2023-07-06,15:45:16,15:00 - 16:00,Central Hours,2.6,Ml,<3,20,shallow,16 km al NO de Mina Los Pelambres,-31.734,-70.725,https://www.sismologia.cl/sismicidad/informes/2023/07/203046.html
2023-07-06,15:03:09,15:00 - 16:00,Central Hours,3.7,Ml,3-3.9,80,intermediate,13 km al SO de Curicó,-35.091,-71.309,https://www.sismologia.cl/sismicidad/informes/2023/07/203040.html
2023-07-06,13:45:26,13:00 - 14:00,Central Hours,3.2,Ml,3-3.9,36,shallow,57 km al O de Tongoy,-30.398,-72.063,https://www.sismologia.cl/sismicidad/informes/2023/07/203025.html
2023-07-06,12:51:19,12:00 - 13:00,Central Hours,2.7,Ml,<3,135,intermediate,53 km al NE de Calama,-22.033,-68.717,https://www.sismologia.cl/sismicidad/informes/2023/07/203021.html
2023-07-06,12:37:49,12:00 - 13:00,Central Hours,2.8,Ml,<3,29,shallow,37 km al O de Ovalle,-30.624,-71.587,https://www.sismologia.cl/sismicidad/informes/2023/07/203018.html
2023-07-06,12:11:14,12:00 - 13:00,Central Hours,3.0,Ml,3-3.9,112,intermediate,42 km al SO de Mina Collahuasi,-21.062,-68.975,https://www.sismologia.cl/sismicidad/informes/2023/07/203014.html
2023-07-06,08:50:16,8:00 - 9:00,Central Hours,3.7,Ml,3-3.9,216,intermediate,83 km al NE de San Pedro de Atacama,-22.273,-67.801,https://www.sismologia.cl/sismicidad/informes/2023/07/203007.html
2023-07-06,08:19:09,8:00 - 9:00,Central Hours,3.4,Ml,3-3.9,53,intermediate,41 km al SO de María Elena,-22.628,-69.925,https://www.sismologia.cl/sismicidad/informes/2023/07/203003.html
2023-07-06,07:59:12,7:00 - 8:00,Early Hours,3.8,Ml,3-3.9,229,intermediate,68 km al SE de Socaire,-24.156,-67.651,https://www.sismologia.cl/sismicidad/informes/2023/07/203001.html
2023-07-06,07:23:38,7:00 - 8:00,Early Hours,2.9,Ml,<3,122,intermediate,24 km al O de Ollagüe,-21.261,-68.482,https://www.sismologia.cl/sismicidad/informes/2023/07/202997.html
2023-07-06,06:09:46,6:00 - 7:00,Early Hours,4.1,Ml,4-4.9,124,intermediate,58 km al SO de Ollagüe,-21.535,-68.698,https://www.sismologia.cl/sismicidad/informes/2023/07/202994.html
2023-07-06,05:51:47,5:00 - 6:00,Early Hours,3.2,Ml,3-3.9,105,intermediate,56 km al NE de Los Andes.,-32.42,-70.257,https://www.sismologia.cl/sismicidad/informes/2023/07/202989.html
2023-07-06,04:32:14,4:00 - 5:00,Early Hours,3.6,Ml,3-3.9,218,intermediate,107 km al E de Socaire,-23.983,-66.93,https://www.sismologia.cl/sismicidad/informes/2023/07/202983.html
2023-07-06,03:04:22,3:00 - 4:00,Early Hours,3.8,Ml,3-3.9,27,shallow,34 km al O de El Tabo,-33.527,-72.026,https://www.sismologia.cl/sismicidad/informes/2023/07/202976.html
2023-07-06,01:43:46,1:00 - 2:00,Early Hours,4.1,Ml,4-4.9,243,intermediate,72 km al E de Socaire,-23.655,-67.191,https://www.sismologia.cl/sismicidad/informes/2023/07/202972.html
2023-07-06,00:05:26,0:00 - 1:00,Early Hours,2.6,Ml,<3,78,intermediate,51 km al NO de Quillagua,-21.429,-69.957,https://www.sismologia.cl/sismicidad/informes/2023/07/202962.html
2023-07-06,00:01:14,0:00 - 1:00,Early Hours,3.5,Ml,3-3.9,103,intermediate,19 km al NE de Mina Los Pelambres,-31.732,-70.422,https://www.sismologia.cl/sismicidad/informes/2023/07/202960.html
2023-07-06,23:18:52,23:00 - 24:00,Later Hours,2.8,Ml,<3,54,intermediate,17 km al E de La Higuera,-29.483,-71.024,https://www.sismologia.cl/sismicidad/informes/2023/07/202955.html
2023-07-06,21:30:54,21:00 - 22:00,Later Hours,3.4,Ml,3-3.9,110,intermediate,39 km al N de Camiña,-18.981,-69.305,https://www.sismologia.cl/sismicidad/informes/2023/07/202938.html
2023-07-06,21:25:34,21:00 - 22:00,Later Hours,3.5,Ml,3-3.9,125,intermediate,48 km al SO de Ollagüe,-21.597,-68.481,https://www.sismologia.cl/sismicidad/informes/2023/07/202935.html
2023-07-06,20:31:56,20:00 - 21:00,Later Hours,5.7,Mww,5-5.9,130,intermediate,43 km al S de Socaire,-23.967,-67.982,https://www.sismologia.cl/sismicidad/informes/2023/07/202932.html
2023-07-05,19:45:55,19:00 - 20:00,Later Hours,2.9,Ml,<3,104,intermediate,58 km al O de Ollagüe,-21.386,-68.785,https://www.sismologia.cl/sismicidad/informes/2023/07/202930.html
2023-07-05,19:30:21,19:00 - 20:00,Later Hours,3.5,Ml,3-3.9,129,intermediate,13 km al SO de Ollagüe,-21.33,-68.305,https://www.sismologia.cl/sismicidad/informes/2023/07/202927.html
2023-07-05,18:41:48,18:00 - 19:00,Later Hours,2.8,Ml,<3,115,intermediate,12 km al N de Calama,-22.369,-68.971,https://www.sismologia.cl/sismicidad/informes/2023/07/202925.html
2023-07-05,17:54:38,17:00 - 18:00,Later Hours,2.6,Ml,<3,110,intermediate,92 km al E de Tierra Amarilla,-27.517,-69.339,https://www.sismologia.cl/sismicidad/informes/2023/07/202923.html
2023-07-05,17:05:30,17:00 - 18:00,Later Hours,2.9,Ml,<3,125,intermediate,52 km al SO de Ollagüe,-21.55,-68.614,https://www.sismologia.cl/sismicidad/informes/2023/07/202921.html
2023-07-05,13:43:10,13:00 - 14:00,Central Hours,3.5,Ml,3-3.9,172,intermediate,96 km al E de Socaire,-23.896,-67.01,https://www.sismologia.cl/sismicidad/informes/2023/07/202904.html
2023-07-05,06:49:29,6:00 - 7:00,Early Hours,4.4,Mw,4-4.9,210,intermediate,74 km al SE de Socaire,-24.12,-67.457,https://www.sismologia.cl/sismicidad/informes/2023/07/202881.html
2023-07-05,03:58:40,3:00 - 4:00,Early Hours,3.0,Ml,3-3.9,108,intermediate,52 km al SO de Mina Collahuasi,-21.112,-69.054,https://www.sismologia.cl/sismicidad/informes/2023/07/202868.html
2023-07-05,02:34:27,2:00 - 3:00,Early Hours,3.7,Ml,3-3.9,30,shallow,40 km al O de Los Vilos,-32.067,-71.894,https://www.sismologia.cl/sismicidad/informes/2023/07/202857.html
2023-07-05,00:26:28,0:00 - 1:00,Early Hours,3.5,Ml,3-3.9,112,intermediate,45 km al S de Pica,-20.869,-69.181,https://www.sismologia.cl/sismicidad/informes/2023/07/202844.html
2023-07-05,22:06:37,22:00 - 23:00,Later Hours,3.2,Ml,3-3.9,108,intermediate,48 km al O de Mina Collahuasi,-20.879,-69.12,https://www.sismologia.cl/sismicidad/informes/2023/07/202840.html
2023-07-05,21:31:33,21:00 - 22:00,Later Hours,3.3,Ml,3-3.9,95,intermediate,53 km al N de Mina La Escondida.,-23.804,-68.948,https://www.sismologia.cl/sismicidad/informes/2023/07/202836.html
2023-07-04,17:36:13,17:00 - 18:00,Later Hours,3.6,Ml,3-3.9,61,intermediate,25 km al SO de Antofagasta,-23.804,-70.58,https://www.sismologia.cl/sismicidad/informes/2023/07/202829.html
2023-07-04,15:17:14,15:00 - 16:00,Central Hours,3.0,Ml,3-3.9,97,intermediate,44 km al NE de Pica,-20.127,-69.165,https://www.sismologia.cl/sismicidad/informes/2023/07/202817.html
2023-07-04,14:25:08,14:00 - 15:00,Central Hours,3.9,Ml,3-3.9,106,intermediate,26 km al E de Los Andes.,-32.823,-70.325,https://www.sismologia.cl/sismicidad/informes/2023/07/202809.html
2023-07-04,13:51:52,13:00 - 14:00,Central Hours,3.4,Ml,3-3.9,105,intermediate,68 km al O de Ollagüe,-21.41,-68.881,https://www.sismologia.cl/sismicidad/informes/2023/07/202806.html
2023-07-04,13:33:56,13:00 - 14:00,Central Hours,2.8,Ml,<3,44,shallow,79 km al S de Melinka,-44.6,-73.859,https://www.sismologia.cl/sismicidad/informes/2023/07/202805.html
2023-07-04,12:36:38,12:00 - 13:00,Central Hours,3.2,Ml,3-3.9,259,deep,63 km al SE de Socaire,-23.883,-67.363,https://www.sismologia.cl/sismicidad/informes/2023/07/202796.html
2023-07-04,11:17:43,11:00 - 12:00,Central Hours,4.2,Mw,4-4.9,83,intermediate,33 km al E de Baquedano,-23.451,-69.549,https://www.sismologia.cl/sismicidad/informes/2023/07/202790.html
2023-07-04,10:54:25,10:00 - 11:00,Central Hours,3.5,Ml,3-3.9,32,shallow,20 km al O de Tirúa,-38.31,-73.723,https://www.sismologia.cl/sismicidad/informes/2023/07/202788.html
2023-07-04,10:54:01,10:00 - 11:00,Central Hours,3.6,Ml,3-3.9,175,intermediate,110 km al E de Socaire,-23.698,-66.818,https://www.sismologia.cl/sismicidad/informes/2023/07/202786.html
2023-07-04,10:36:19,10:00 - 11:00,Central Hours,3.3,Ml,3-3.9,106,intermediate,64 km al SO de San Pedro de Atacama,-23.232,-68.723,https://www.sismologia.cl/sismicidad/informes/2023/07/202782.html
2023-07-04,09:49:27,9:00 - 10:00,Central Hours,2.5,Ml,<3,108,intermediate,49 km al S de Pica,-20.906,-69.173,https://www.sismologia.cl/sismicidad/informes/2023/07/202777.html
2023-07-04,08:52:21,8:00 - 9:00,Central Hours,2.8,Ml,<3,34,shallow,79 km al N de Huasco,-27.79,-71.485,https://www.sismologia.cl/sismicidad/informes/2023/07/202773.html
2023-07-04,07:16:16,7:00 - 8:00,Early Hours,2.8,Ml,<3,117,intermediate,27 km al N de Calama,-22.235,-68.861,https://www.sismologia.cl/sismicidad/informes/2023/07/202770.html
2023-07-04,04:27:17,4:00 - 5:00,Early Hours,3.5,Ml,3-3.9,235,intermediate,81 km al SE de Socaire,-23.922,-67.181,https://www.sismologia.cl/sismicidad/informes/2023/07/202762.html
2023-07-04,04:15:47,4:00 - 5:00,Early Hours,2.7,Ml,<3,29,shallow,55 km al O de Valparaíso,-33.0,-72.199,https://www.sismologia.cl/sismicidad/informes/2023/07/202759.html
2023-07-04,03:24:03,3:00 - 4:00,Early Hours,3.5,Ml,3-3.9,218,intermediate,85 km al SE de Socaire,-23.999,-67.18,https://www.sismologia.cl/sismicidad/informes/2023/07/202754.html
2023-07-04,02:05:47,2:00 - 3:00,Early Hours,2.7,Ml,<3,112,intermediate,49 km al S de Pica,-20.905,-69.182,https://www.sismologia.cl/sismicidad/informes/2023/07/202747.html
2023-07-04,01:57:50,1:00 - 2:00,Early Hours,2.7,Ml,<3,66,intermediate,43 km al O de La Serena,-29.841,-71.69,https://www.sismologia.cl/sismicidad/informes/2023/07/202744.html
2023-07-04,01:28:20,1:00 - 2:00,Early Hours,2.7,Ml,<3,118,intermediate,67 km al SO de Ollagüe,-21.787,-68.495,https://www.sismologia.cl/sismicidad/informes/2023/07/202740.html
2023-07-04,00:09:59,0:00 - 1:00,Early Hours,3.3,Ml,3-3.9,33,shallow,32 km al SO de Canela Baja,-31.559,-71.737,https://www.sismologia.cl/sismicidad/informes/2023/07/202732.html
2023-07-04,23:57:57,23:00 - 24:00,Later Hours,2.5,Ml,<3,62,intermediate,12 km al N de Quillagua,-21.556,-69.564,https://www.sismologia.cl/sismicidad/informes/2023/07/202731.html
2023-07-04,22:31:27,22:00 - 23:00,Later Hours,2.5,Ml,<3,34,shallow,27 km al SO de Los Vilos,-32.106,-71.683,https://www.sismologia.cl/sismicidad/informes/2023/07/202724.html
2023-07-04,21:08:56,21:00 - 22:00,Later Hours,2.8,Ml,<3,32,shallow,80 km al N de Taltal,-24.694,-70.589,https://www.sismologia.cl/sismicidad/informes/2023/07/202719.html
2023-07-03,19:45:42,19:00 - 20:00,Later Hours,2.9,Ml,<3,111,intermediate,13 km al NE de Calama,-22.38,-68.845,https://www.sismologia.cl/sismicidad/informes/2023/07/202713.html
2023-07-03,19:24:42,19:00 - 20:00,Later Hours,3.5,Ml,3-3.9,99,intermediate,48 km al NE de Pozo Almonte,-19.928,-69.488,https://www.sismologia.cl/sismicidad/informes/2023/07/202712.html
2023-07-03,17:51:34,17:00 - 18:00,Later Hours,3.2,Ml,3-3.9,258,deep,49 km al SE de Socaire,-23.783,-67.458,https://www.sismologia.cl/sismicidad/informes/2023/07/202709.html
2023-07-03,17:33:46,17:00 - 18:00,Later Hours,4.2,Mw,4-4.9,34,shallow,42 km al O de Ovalle,-30.626,-71.637,https://www.sismologia.cl/sismicidad/informes/2023/07/202705.html
2023-07-03,16:19:26,16:00 - 17:00,Later Hours,2.9,Ml,<3,49,shallow,79 km al NO de Tocopilla,-21.471,-70.563,https://www.sismologia.cl/sismicidad/informes/2023/07/202700.html
2023-07-03,15:14:01,15:00 - 16:00,Central Hours,2.8,Ml,<3,12,shallow,30 km al NO de Arauco,-37.026,-73.505,https://www.sismologia.cl/sismicidad/informes/2023/07/202684.html
2023-07-03,15:02:48,15:00 - 16:00,Central Hours,2.6,Ml,<3,29,shallow,40 km al NO de Lota,-36.91,-73.537,https://www.sismologia.cl/sismicidad/informes/2023/07/202686.html
2023-07-03,14:24:30,14:00 - 15:00,Central Hours,2.9,Ml,<3,50,intermediate,17 km al O de La Serena,-29.863,-71.418,https://www.sismologia.cl/sismicidad/informes/2023/07/202674.html
2023-07-03,09:27:13,9:00 - 10:00,Central Hours,2.8,Ml,<3,105,intermediate,20 km al E de Pica,-20.539,-69.145,https://www.sismologia.cl/sismicidad/informes/2023/07/202667.html
2023-07-03,08:52:50,8:00 - 9:00,Central Hours,2.7,Ml,<3,124,intermediate,36 km al NE de Calama,-22.185,-68.758,https://www.sismologia.cl/sismicidad/informes/2023/07/202661.html
2023-07-03,08:05:17,8:00 - 9:00,Central Hours,2.9,Ml,<3,209,intermediate,84 km al SE de Socaire,-24.131,-67.307,https://www.sismologia.cl/sismicidad/informes/2023/07/202658.html
2023-07-03,07:02:57,7:00 - 8:00,Early Hours,2.6,Ml,<3,42,shallow,66 km al O de Punitaqui,-30.944,-71.934,https://www.sismologia.cl/sismicidad/informes/2023/07/202653.html
2023-07-03,06:31:03,6:00 - 7:00,Early Hours,4.3,Ml,4-4.9,37,shallow,104 km al O de Antofagasta,-24.008,-71.348,https://www.sismologia.cl/sismicidad/informes/2023/07/202652.html
2023-07-03,05:18:29,5:00 - 6:00,Early Hours,3.8,Ml,3-3.9,191,intermediate,118 km al SE de Socaire,-24.437,-67.197,https://www.sismologia.cl/sismicidad/informes/2023/07/202648.html
2023-07-03,04:50:53,4:00 - 5:00,Early Hours,2.8,Ml,<3,7,shallow,75 km al S de Mina La Escondida.,-24.94,-69.16,https://www.sismologia.cl/sismicidad/informes/2023/07/202646.html
2023-07-03,04:27:13,4:00 - 5:00,Early Hours,3.1,Ml,3-3.9,29,shallow,40 km al O de Punitaqui,-30.695,-71.65,https://www.sismologia.cl/sismicidad/informes/2023/07/202643.html
2023-07-03,04:14:24,4:00 - 5:00,Early Hours,2.7,Ml,<3,29,shallow,40 km al NO de Punitaqui,-30.672,-71.629,https://www.sismologia.cl/sismicidad/informes/2023/07/202640.html
2023-07-03,03:43:38,3:00 - 4:00,Early Hours,4.4,Mw,4-4.9,103,intermediate,17 km al E de Mina La Escondida.,-24.326,-68.898,https://www.sismologia.cl/sismicidad/informes/2023/07/202637.html
2023-07-03,02:59:42,2:00 - 3:00,Early Hours,2.5,Ml,<3,105,intermediate,41 km al SO de Mina Collahuasi,-21.069,-68.951,https://www.sismologia.cl/sismicidad/informes/2023/07/202636.html
2023-07-03,02:41:53,2:00 - 3:00,Early Hours,3.6,Ml,3-3.9,3,shallow,10 km al NO de Puerto Natales,-51.656,-72.582,https://www.sismologia.cl/sismicidad/informes/2023/07/202639.html
2023-07-03,02:41:10,2:00 - 3:00,Early Hours,2.6,Ml,<3,34,shallow,37 km al SO de Pichilemu,-34.538,-72.368,https://www.sismologia.cl/sismicidad/informes/2023/07/202634.html
2023-07-03,01:31:01,1:00 - 2:00,Early Hours,2.6,Ml,<3,35,shallow,39 km al O de La Serena,-29.811,-71.638,https://www.sismologia.cl/sismicidad/informes/2023/07/202626.html
2023-07-03,01:09:34,1:00 - 2:00,Early Hours,2.6,Ml,<3,94,intermediate,34 km al E de Pica,-20.37,-69.035,https://www.sismologia.cl/sismicidad/informes/2023/07/202623.html
2023-07-03,00:26:06,0:00 - 1:00,Early Hours,3.6,Ml,3-3.9,108,intermediate,57 km al N de Calama,-21.968,-68.797,https://www.sismologia.cl/sismicidad/informes/2023/07/202618.html
2023-07-03,23:12:23,23:00 - 24:00,Later Hours,3.3,Ml,3-3.9,269,deep,59 km al S de Socaire,-24.123,-67.933,https://www.sismologia.cl/sismicidad/informes/2023/07/202612.html
2023-07-03,22:52:17,22:00 - 23:00,Later Hours,3.4,Ml,3-3.9,218,intermediate,111 km al SE de Socaire,-24.058,-66.93,https://www.sismologia.cl/sismicidad/informes/2023/07/202610.html
2023-07-03,21:56:39,21:00 - 22:00,Later Hours,2.5,Ml,<3,111,intermediate,10 km al NE de San José de Maipo,-33.576,-70.279,https://www.sismologia.cl/sismicidad/informes/2023/07/202605.html
2023-07-03,21:50:14,21:00 - 22:00,Later Hours,3.5,Ml,3-3.9,118,intermediate,48 km al SO de Mina Collahuasi,-21.127,-68.996,https://www.sismologia.cl/sismicidad/informes/2023/07/202602.html
2023-07-03,20:54:59,20:00 - 21:00,Later Hours,2.5,Ml,<3,87,intermediate,52 km al SE de Baquedano,-23.617,-69.433,https://www.sismologia.cl/sismicidad/informes/2023/07/202601.html
2023-07-02,19:17:13,19:00 - 20:00,Later Hours,3.8,Ml,3-3.9,141,intermediate,15 km al N de Putre,-18.062,-69.578,https://www.sismologia.cl/sismicidad/informes/2023/07/202594.html
2023-07-02,18:41:44,18:00 - 19:00,Later Hours,3.0,Ml,3-3.9,251,deep,75 km al NE de Socaire,-23.136,-67.349,https://www.sismologia.cl/sismicidad/informes/2023/07/202589.html
2023-07-02,18:24:14,18:00 - 19:00,Later Hours,3.6,Ml,3-3.9,123,intermediate,53 km al SO de Ollagüe,-21.647,-68.499,https://www.sismologia.cl/sismicidad/informes/2023/07/202587.html
2023-07-02,17:41:00,17:00 - 18:00,Later Hours,3.4,Ml,3-3.9,34,shallow,10 km al NO de Ancud,-41.786,-73.88,https://www.sismologia.cl/sismicidad/informes/2023/07/202582.html
2023-07-02,17:20:04,17:00 - 18:00,Later Hours,3.0,Ml,3-3.9,215,intermediate,73 km al SE de Socaire,-24.145,-67.504,https://www.sismologia.cl/sismicidad/informes/2023/07/202576.html
2023-07-02,17:12:49,17:00 - 18:00,Later Hours,3.5,Ml,3-3.9,32,shallow,51 km al O de Punitaqui,-30.725,-71.777,https://www.sismologia.cl/sismicidad/informes/2023/07/202574.html
2023-07-02,16:48:09,16:00 - 17:00,Later Hours,3.0,Ml,3-3.9,34,shallow,51 km al O de La Ligua,-32.52,-71.764,https://www.sismologia.cl/sismicidad/informes/2023/07/202571.html
2023-07-02,16:03:20,16:00 - 17:00,Later Hours,2.6,Ml,<3,221,intermediate,70 km al S de Socaire,-24.214,-67.812,https://www.sismologia.cl/sismicidad/informes/2023/07/202568.html
2023-07-02,15:43:34,15:00 - 16:00,Central Hours,3.5,Ml,3-3.9,115,intermediate,67 km al E de Combarbalá,-31.137,-70.299,https://www.sismologia.cl/sismicidad/informes/2023/07/202562.html
2023-07-02,15:08:51,15:00 - 16:00,Central Hours,3.1,Ml,3-3.9,236,intermediate,59 km al SE de Socaire,-24.027,-67.57,https://www.sismologia.cl/sismicidad/informes/2023/07/202560.html
2023-07-02,15:04:00,15:00 - 16:00,Central Hours,2.6,Ml,<3,104,intermediate,17 km al S de Calama,-22.627,-68.926,https://www.sismologia.cl/sismicidad/informes/2023/07/202559.html
2023-07-02,12:20:33,12:00 - 13:00,Central Hours,3.5,Ml,3-3.9,218,intermediate,99 km al SE de Socaire,-24.17,-67.152,https://www.sismologia.cl/sismicidad/informes/2023/07/202550.html
2023-07-02,10:46:28,10:00 - 11:00,Central Hours,2.9,Ml,<3,214,intermediate,75 km al SE de Socaire,-24.181,-67.536,https://www.sismologia.cl/sismicidad/informes/2023/07/202548.html
2023-07-02,06:05:44,6:00 - 7:00,Early Hours,2.8,Ml,<3,48,shallow,27 km al N de Vichuquén,-34.642,-72.006,https://www.sismologia.cl/sismicidad/informes/2023/07/202534.html
2023-07-02,05:33:11,5:00 - 6:00,Early Hours,3.0,Ml,3-3.9,245,intermediate,68 km al SE de Socaire,-23.859,-67.287,https://www.sismologia.cl/sismicidad/informes/2023/07/202530.html
2023-07-02,04:19:14,4:00 - 5:00,Early Hours,3.0,Ml,3-3.9,110,intermediate,62 km al S de Putre,-18.756,-69.574,https://www.sismologia.cl/sismicidad/informes/2023/07/202526.html
2023-07-02,02:05:07,2:00 - 3:00,Early Hours,2.9,Ml,<3,40,shallow,70 km al N de Huasco,-27.84,-71.193,https://www.sismologia.cl/sismicidad/informes/2023/07/202520.html
2023-07-02,01:26:19,1:00 - 2:00,Early Hours,3.1,Ml,3-3.9,98,intermediate,55 km al N de Mina La Escondida.,-23.773,-69.1,https://www.sismologia.cl/sismicidad/informes/2023/07/202517.html
2023-07-02,23:04:07,23:00 - 24:00,Later Hours,3.0,Ml,3-3.9,75,intermediate,10 km al NO de Andacollo,-30.147,-71.124,https://www.sismologia.cl/sismicidad/informes/2023/07/202510.html
2023-07-02,22:57:48,22:00 - 23:00,Later Hours,2.7,Ml,<3,122,intermediate,26 km al SO de Ollagüe,-21.411,-68.406,https://www.sismologia.cl/sismicidad/informes/2023/07/202507.html
2023-07-02,22:57:43,22:00 - 23:00,Later Hours,3.6,Ml,3-3.9,39,shallow,120 km al O de Valparaíso,-33.098,-72.905,https://www.sismologia.cl/sismicidad/informes/2023/07/202506.html
2023-07-02,22:03:02,22:00 - 23:00,Later Hours,2.8,Ml,<3,55,intermediate,33 km al SE de Vichuquén,-35.082,-71.727,https://www.sismologia.cl/sismicidad/informes/2023/07/202501.html
2023-07-02,21:12:17,21:00 - 22:00,Later Hours,2.9,Ml,<3,116,intermediate,54 km al S de Mina Collahuasi,-21.285,-68.829,https://www.sismologia.cl/sismicidad/informes/2023/07/202493.html
2023-07-01,18:27:12,18:00 - 19:00,Later Hours,3.9,Ml,3-3.9,201,intermediate,81 km al SE de Socaire,-24.227,-67.498,https://www.sismologia.cl/sismicidad/informes/2023/07/202488.html
2023-07-01,18:26:37,18:00 - 19:00,Later Hours,2.5,Ml,<3,88,intermediate,20 km al NE de Vallenar,-28.41,-70.684,https://www.sismologia.cl/sismicidad/informes/2023/07/202487.html
2023-07-01,18:18:42,18:00 - 19:00,Later Hours,3.4,Ml,3-3.9,266,deep,71 km al SE de Socaire,-23.923,-67.3,https://www.sismologia.cl/sismicidad/informes/2023/07/202485.html
2023-07-01,14:45:16,14:00 - 15:00,Central Hours,3.6,Ml,3-3.9,40,shallow,93 km al O de Pisagua,-19.901,-71.038,https://www.sismologia.cl/sismicidad/informes/2023/07/202465.html
2023-07-01,13:44:39,13:00 - 14:00,Central Hours,2.7,Ml,<3,116,intermediate,25 km al SO de Ollagüe,-21.353,-68.453,https://www.sismologia.cl/sismicidad/informes/2023/07/202455.html
2023-07-01,12:58:20,12:00 - 13:00,Central Hours,2.7,Ml,<3,86,intermediate,55 km al NE de Pozo Almonte,-19.891,-69.432,https://www.sismologia.cl/sismicidad/informes/2023/07/202449.html
2023-07-01,12:02:19,12:00 - 13:00,Central Hours,2.6,Ml,<3,28,shallow,40 km al N de Huasco,-28.103,-71.208,https://www.sismologia.cl/sismicidad/informes/2023/07/202445.html
2023-07-01,11:21:07,11:00 - 12:00,Central Hours,4.5,Mw,4-4.9,220,intermediate,78 km al SE de Socaire,-24.171,-67.463,https://www.sismologia.cl/sismicidad/informes/2023/07/202443.html
2023-07-01,10:51:00,10:00 - 11:00,Central Hours,2.6,Ml,<3,42,shallow,68 km al NO de Huasco,-27.894,-71.482,https://www.sismologia.cl/sismicidad/informes/2023/07/202438.html
2023-07-01,08:27:47,8:00 - 9:00,Central Hours,2.6,Ml,<3,21,shallow,48 km al SO de Los Vilos,-32.212,-71.883,https://www.sismologia.cl/sismicidad/informes/2023/07/202431.html
2023-07-01,07:50:31,7:00 - 8:00,Early Hours,3.6,Ml,3-3.9,87,intermediate,42 km al SO de Mina La Escondida.,-24.612,-69.239,https://www.sismologia.cl/sismicidad/informes/2023/07/202429.html
2023-07-01,07:07:07,7:00 - 8:00,Early Hours,2.7,Ml,<3,117,intermediate,45 km al SO de Mina Collahuasi,-21.167,-68.885,https://www.sismologia.cl/sismicidad/informes/2023/07/202420.html
2023-07-01,05:45:24,5:00 - 6:00,Early Hours,2.9,Ml,<3,138,intermediate,30 km al SE de San Pedro de Atacama,-23.132,-68.015,https://www.sismologia.cl/sismicidad/informes/2023/07/202415.html
2023-07-01,03:35:57,3:00 - 4:00,Early Hours,3.4,Ml,3-3.9,15,shallow,151 km al O de Lebu,-38.076,-75.272,https://www.sismologia.cl/sismicidad/informes/2023/07/202406.html
2023-07-01,03:18:47,3:00 - 4:00,Early Hours,4.2,Mw,4-4.9,229,intermediate,118 km al SE de Socaire,-24.109,-66.873,https://www.sismologia.cl/sismicidad/informes/2023/07/202403.html
2023-07-01,03:02:48,3:00 - 4:00,Early Hours,2.7,Ml,<3,35,shallow,65 km al N de Huasco,-27.917,-70.995,https://www.sismologia.cl/sismicidad/informes/2023/07/202400.html
2023-07-01,01:20:42,1:00 - 2:00,Early Hours,2.8,Ml,<3,99,intermediate,42 km al S de Camiña,-19.688,-69.349,https://www.sismologia.cl/sismicidad/informes/2023/07/202393.html
2023-07-01,23:37:29,23:00 - 24:00,Later Hours,3.7,Ml,3-3.9,189,intermediate,86 km al SE de Socaire,-24.247,-67.444,https://www.sismologia.cl/sismicidad/informes/2023/07/202387.html
2023-07-01,21:40:52,21:00 - 22:00,Later Hours,2.9,Ml,<3,116,intermediate,75 km al SO de Socaire,-24.138,-68.326,https://www.sismologia.cl/sismicidad/informes/2023/07/202374.html
2023-07-01,21:30:45,21:00 - 22:00,Later Hours,2.8,Ml,<3,92,intermediate,49 km al S de Camiña,-19.745,-69.327,https://www.sismologia.cl/sismicidad/informes/2023/07/202373.html
2023-07-01,21:11:26,21:00 - 22:00,Later Hours,2.9,Ml,<3,55,intermediate,80 km al SO de Alto Hospicio,-20.891,-70.482,https://www.sismologia.cl/sismicidad/informes/2023/07/202371.html
2023-07-01,21:02:20,21:00 - 22:00,Later Hours,2.7,Ml,<3,128,intermediate,39 km al S de Mina Collahuasi,-21.177,-68.675,https://www.sismologia.cl/sismicidad/informes/2023/07/202368.html
2023-06-30,19:58:09,19:00 - 20:00,Later Hours,3.4,Ml,3-3.9,118,intermediate,44 km al SO de Mina Collahuasi,-21.151,-68.906,https://www.sismologia.cl/sismicidad/informes/2023/06/202363.html
2023-06-30,18:40:48,18:00 - 19:00,Later Hours,2.7,Ml,<3,24,shallow,61 km al O de Melinka,-44.005,-74.493,https://www.sismologia.cl/sismicidad/informes/2023/06/202360.html
2023-06-30,15:44:12,15:00 - 16:00,Central Hours,3.2,Ml,3-3.9,235,intermediate,70 km al SE de Socaire,-24.154,-67.588,https://www.sismologia.cl/sismicidad/informes/2023/06/202349.html
2023-06-30,15:26:56,15:00 - 16:00,Central Hours,2.8,Ml,<3,124,intermediate,29 km al SO de Ollagüe,-21.44,-68.416,https://www.sismologia.cl/sismicidad/informes/2023/06/202346.html
2023-06-30,14:50:31,14:00 - 15:00,Central Hours,2.5,Ml,<3,95,intermediate,50 km al E de Sierra Gorda.,-22.923,-68.831,https://www.sismologia.cl/sismicidad/informes/2023/06/202341.html
2023-06-30,13:31:10,13:00 - 14:00,Central Hours,2.5,Ml,<3,98,intermediate,26 km al SO de Mina Collahuasi,-20.989,-68.834,https://www.sismologia.cl/sismicidad/informes/2023/06/202330.html
2023-06-30,12:20:41,12:00 - 13:00,Central Hours,2.6,Ml,<3,233,intermediate,75 km al E de Socaire,-23.862,-67.214,https://www.sismologia.cl/sismicidad/informes/2023/06/202324.html
2023-06-30,12:18:10,12:00 - 13:00,Central Hours,3.3,Ml,3-3.9,216,intermediate,80 km al SE de Socaire,-24.257,-67.585,https://www.sismologia.cl/sismicidad/informes/2023/06/202323.html
2023-06-30,11:16:44,11:00 - 12:00,Central Hours,4.2,Ml,4-4.9,11,shallow,59 km al NO de Cobquecura,-35.749,-73.246,https://www.sismologia.cl/sismicidad/informes/2023/06/202319.html
2023-06-30,11:10:13,11:00 - 12:00,Central Hours,2.6,Ml,<3,40,shallow,22 km al SO de Tongoy,-30.425,-71.615,https://www.sismologia.cl/sismicidad/informes/2023/06/202321.html
2023-06-30,11:06:19,11:00 - 12:00,Central Hours,2.5,Ml,<3,37,shallow,33 km al NO de Canela Baja,-31.143,-71.624,https://www.sismologia.cl/sismicidad/informes/2023/06/202317.html
2023-06-30,10:41:38,10:00 - 11:00,Central Hours,2.5,Ml,<3,232,intermediate,51 km al SE de Socaire,-23.958,-67.586,https://www.sismologia.cl/sismicidad/informes/2023/06/202315.html
2023-06-30,09:48:21,9:00 - 10:00,Central Hours,2.5,Ml,<3,49,shallow,22 km al O de La Higuera,-29.432,-71.412,https://www.sismologia.cl/sismicidad/informes/2023/06/202314.html
2023-06-30,09:42:49,9:00 - 10:00,Central Hours,4.0,Ml,4-4.9,34,shallow,26 km al SO de Tongoy,-30.437,-71.662,https://www.sismologia.cl/sismicidad/informes/2023/06/202309.html
2023-06-30,09:42:41,9:00 - 10:00,Central Hours,3.4,Ml,3-3.9,28,shallow,50 km al NO de Cobquecura,-35.809,-73.179,https://www.sismologia.cl/sismicidad/informes/2023/06/202312.html
2023-06-30,08:43:05,8:00 - 9:00,Central Hours,2.8,Ml,<3,99,intermediate,50 km al SO de San Pedro de Atacama,-23.235,-68.55,https://www.sismologia.cl/sismicidad/informes/2023/06/202305.html
2023-06-30,08:11:35,8:00 - 9:00,Central Hours,2.6,Ml,<3,31,shallow,28 km al O de Punitaqui,-30.827,-71.555,https://www.sismologia.cl/sismicidad/informes/2023/06/202303.html
2023-06-30,06:07:04,6:00 - 7:00,Early Hours,2.9,Ml,<3,146,intermediate,38 km al SO de Ollagüe,-21.542,-68.393,https://www.sismologia.cl/sismicidad/informes/2023/06/202295.html
2023-06-30,04:50:13,4:00 - 5:00,Early Hours,3.8,Ml,3-3.9,48,shallow,71 km al N de Taltal,-24.79,-70.324,https://www.sismologia.cl/sismicidad/informes/2023/06/202287.html
2023-06-30,03:19:16,3:00 - 4:00,Early Hours,2.8,Ml,<3,98,intermediate,36 km al E de Pica,-20.444,-68.988,https://www.sismologia.cl/sismicidad/informes/2023/06/202280.html
2023-06-30,01:20:23,1:00 - 2:00,Early Hours,2.7,Ml,<3,105,intermediate,40 km al SO de Mina Collahuasi,-20.975,-69.013,https://www.sismologia.cl/sismicidad/informes/2023/06/202273.html
2023-06-30,23:36:43,23:00 - 24:00,Later Hours,3.0,Ml,3-3.9,121,intermediate,67 km al N de Calama,-21.877,-68.791,https://www.sismologia.cl/sismicidad/informes/2023/06/202267.html
2023-06-30,22:59:22,22:00 - 23:00,Later Hours,3.2,Ml,3-3.9,109,intermediate,37 km al SE de Pica,-20.779,-69.154,https://www.sismologia.cl/sismicidad/informes/2023/06/202263.html
2023-06-30,21:35:42,21:00 - 22:00,Later Hours,3.0,Ml,3-3.9,96,intermediate,66 km al N de Pica,-19.906,-69.207,https://www.sismologia.cl/sismicidad/informes/2023/06/202259.html
2023-06-29,17:36:42,17:00 - 18:00,Later Hours,2.9,Ml,<3,40,shallow,31 km al N de Ancud,-41.591,-73.783,https://www.sismologia.cl/sismicidad/informes/2023/06/202244.html
2023-06-29,13:58:27,13:00 - 14:00,Central Hours,2.6,Ml,<3,105,intermediate,55 km al N de Calama,-21.988,-68.83,https://www.sismologia.cl/sismicidad/informes/2023/06/202227.html
2023-06-29,13:56:04,13:00 - 14:00,Central Hours,2.5,Ml,<3,112,intermediate,16 km al NE de Pica,-20.392,-69.218,https://www.sismologia.cl/sismicidad/informes/2023/06/202225.html
2023-06-29,13:38:09,13:00 - 14:00,Central Hours,2.8,Ml,<3,127,intermediate,22 km al SO de Ollagüe,-21.366,-68.401,https://www.sismologia.cl/sismicidad/informes/2023/06/202221.html
2023-06-29,11:45:19,11:00 - 12:00,Central Hours,3.7,Ml,3-3.9,60,intermediate,14 km al SO de Punitaqui,-30.952,-71.312,https://www.sismologia.cl/sismicidad/informes/2023/06/202208.html
2023-06-29,10:42:48,10:00 - 11:00,Central Hours,3.5,Ml,3-3.9,245,intermediate,86 km al NE de Socaire,-23.178,-67.178,https://www.sismologia.cl/sismicidad/informes/2023/06/202205.html
2023-06-29,09:13:08,9:00 - 10:00,Central Hours,2.8,Ml,<3,135,intermediate,38 km al SO de Ollagüe,-21.54,-68.402,https://www.sismologia.cl/sismicidad/informes/2023/06/202200.html
2023-06-29,08:29:16,8:00 - 9:00,Central Hours,2.9,Ml,<3,93,intermediate,24 km al E de Pica,-20.481,-69.097,https://www.sismologia.cl/sismicidad/informes/2023/06/202198.html
2023-06-29,08:24:54,8:00 - 9:00,Central Hours,2.7,Ml,<3,99,intermediate,74 km al SO de Ollagüe,-21.701,-68.755,https://www.sismologia.cl/sismicidad/informes/2023/06/202196.html
2023-06-29,04:10:23,4:00 - 5:00,Early Hours,2.7,Ml,<3,52,intermediate,14 km al O de Ancud,-41.833,-73.992,https://www.sismologia.cl/sismicidad/informes/2023/06/202183.html
2023-06-29,02:52:34,2:00 - 3:00,Early Hours,4.2,Ml,4-4.9,13,shallow,62 km al NO de Cobquecura,-35.758,-73.3,https://www.sismologia.cl/sismicidad/informes/2023/06/202181.html
2023-06-29,01:06:23,1:00 - 2:00,Early Hours,3.0,Ml,3-3.9,92,intermediate,91 km al S de Mina La Escondida.,-25.062,-69.271,https://www.sismologia.cl/sismicidad/informes/2023/06/202173.html
2023-06-29,22:12:59,22:00 - 23:00,Later Hours,2.7,Ml,<3,119,intermediate,49 km al NE de Calama,-22.087,-68.692,https://www.sismologia.cl/sismicidad/informes/2023/06/202168.html
2023-06-29,21:23:57,21:00 - 22:00,Later Hours,2.8,Ml,<3,52,intermediate,46 km al NO de Quillagua,-21.345,-69.829,https://www.sismologia.cl/sismicidad/informes/2023/06/202164.html
2023-06-28,15:53:10,15:00 - 16:00,Central Hours,2.7,Ml,<3,130,intermediate,29 km al O de Ollagüe,-21.184,-68.53,https://www.sismologia.cl/sismicidad/informes/2023/06/202137.html
2023-06-28,06:54:35,6:00 - 7:00,Early Hours,3.5,Ml,3-3.9,283,deep,99 km al NE de Socaire,-23.034,-67.128,https://www.sismologia.cl/sismicidad/informes/2023/06/202111.html
2023-06-28,05:32:29,5:00 - 6:00,Early Hours,2.6,Ml,<3,82,intermediate,61 km al E de La Higuera,-29.385,-70.589,https://www.sismologia.cl/sismicidad/informes/2023/06/202106.html
2023-06-27,19:42:51,19:00 - 20:00,Later Hours,2.8,Ml,<3,29,shallow,7 km al NE de Cuya,-19.112,-70.136,https://www.sismologia.cl/sismicidad/informes/2023/06/202073.html
2023-06-27,15:48:58,15:00 - 16:00,Central Hours,3.1,Ml,3-3.9,50,intermediate,7 km al O de Temuco,-38.763,-72.669,https://www.sismologia.cl/sismicidad/informes/2023/06/202053.html
2023-06-27,15:42:47,15:00 - 16:00,Central Hours,3.7,Ml,3-3.9,115,intermediate,95 km al E de Tierra Amarilla,-27.171,-69.369,https://www.sismologia.cl/sismicidad/informes/2023/06/202051.html
2023-06-27,14:41:29,14:00 - 15:00,Central Hours,2.7,Ml,<3,112,intermediate,22 km al NO de Mina Collahuasi,-20.664,-68.781,https://www.sismologia.cl/sismicidad/informes/2023/06/202041.html
2023-06-27,14:08:12,14:00 - 15:00,Central Hours,2.6,Ml,<3,126,intermediate,29 km al S de Mina Collahuasi,-21.067,-68.56,https://www.sismologia.cl/sismicidad/informes/2023/06/202034.html
2023-06-27,12:47:34,12:00 - 13:00,Central Hours,2.8,Ml,<3,130,intermediate,60 km al SO de Ollagüe,-21.703,-68.526,https://www.sismologia.cl/sismicidad/informes/2023/06/202026.html
2023-06-27,10:49:31,10:00 - 11:00,Central Hours,2.9,Ml,<3,103,intermediate,37 km al O de Ollagüe,-21.199,-68.612,https://www.sismologia.cl/sismicidad/informes/2023/06/202021.html
2023-06-27,10:30:54,10:00 - 11:00,Central Hours,2.7,Ml,<3,18,shallow,13 km al O de Ovalle,-30.581,-71.34,https://www.sismologia.cl/sismicidad/informes/2023/06/202020.html
2023-06-27,06:02:21,6:00 - 7:00,Early Hours,4.6,Mw,4-4.9,73,intermediate,18 km al NO de Andacollo,-30.149,-71.245,https://www.sismologia.cl/sismicidad/informes/2023/06/202005.html
2023-06-27,03:00:23,3:00 - 4:00,Early Hours,3.4,Ml,3-3.9,126,intermediate,50 km al E de Calama,-22.33,-68.467,https://www.sismologia.cl/sismicidad/informes/2023/06/201996.html
2023-06-27,02:48:52,2:00 - 3:00,Early Hours,3.6,Ml,3-3.9,62,intermediate,25 km al O de Combarbalá,-31.118,-71.251,https://www.sismologia.cl/sismicidad/informes/2023/06/201993.html
2023-06-27,20:35:14,20:00 - 21:00,Later Hours,2.9,Ml,<3,107,intermediate,66 km al NE de Pica,-20.018,-68.954,https://www.sismologia.cl/sismicidad/informes/2023/06/201983.html
2023-06-27,20:23:01,20:00 - 21:00,Later Hours,2.9,Ml,<3,66,intermediate,9 km al SO de Antofagasta,-23.693,-70.476,https://www.sismologia.cl/sismicidad/informes/2023/06/201982.html
2023-06-27,20:04:44,20:00 - 21:00,Later Hours,2.6,Ml,<3,58,intermediate,32 km al NO de La Higuera,-29.25,-71.329,https://www.sismologia.cl/sismicidad/informes/2023/06/201980.html
2023-06-26,18:25:30,18:00 - 19:00,Later Hours,2.8,Ml,<3,151,intermediate,68 km al SE de Sierra Gorda.,-23.315,-68.835,https://www.sismologia.cl/sismicidad/informes/2023/06/201977.html
2023-06-26,17:40:32,17:00 - 18:00,Later Hours,3.2,Ml,3-3.9,244,intermediate,78 km al S de Socaire,-24.285,-67.831,https://www.sismologia.cl/sismicidad/informes/2023/06/201971.html
2023-06-26,16:47:57,16:00 - 17:00,Later Hours,2.9,Ml,<3,63,intermediate,45 km al N de Pozo Almonte,-19.852,-69.796,https://www.sismologia.cl/sismicidad/informes/2023/06/201967.html
2023-06-26,16:46:21,16:00 - 17:00,Later Hours,4.1,Ml,4-4.9,202,intermediate,109 km al SE de Socaire,-24.192,-67.05,https://www.sismologia.cl/sismicidad/informes/2023/06/201964.html
2023-06-26,16:11:17,16:00 - 17:00,Later Hours,2.8,Ml,<3,143,intermediate,52 km al S de Ollagüe,-21.681,-68.374,https://www.sismologia.cl/sismicidad/informes/2023/06/201962.html
2023-06-26,15:25:28,15:00 - 16:00,Central Hours,3.0,Ml,3-3.9,43,shallow,16 km al SO de Cuya,-19.259,-70.288,https://www.sismologia.cl/sismicidad/informes/2023/06/201952.html
2023-06-26,14:38:21,14:00 - 15:00,Central Hours,3.9,Ml,3-3.9,27,shallow,49 km al NO de Tongoy,-29.907,-71.809,https://www.sismologia.cl/sismicidad/informes/2023/06/201947.html
2023-06-26,13:12:10,13:00 - 14:00,Central Hours,2.8,Ml,<3,28,shallow,88 km al O de Arica,-18.486,-71.157,https://www.sismologia.cl/sismicidad/informes/2023/06/201933.html
2023-06-26,12:09:49,12:00 - 13:00,Central Hours,2.8,Ml,<3,117,intermediate,38 km al SE de Pica,-20.708,-69.046,https://www.sismologia.cl/sismicidad/informes/2023/06/201928.html
2023-06-26,11:59:47,11:00 - 12:00,Central Hours,2.9,Ml,<3,47,shallow,10 km al SO de Ovalle,-30.682,-71.261,https://www.sismologia.cl/sismicidad/informes/2023/06/201923.html
2023-06-26,11:42:10,11:00 - 12:00,Central Hours,3.4,Ml,3-3.9,27,shallow,45 km al SO de Taltal,-25.715,-70.785,https://www.sismologia.cl/sismicidad/informes/2023/06/201918.html
2023-06-26,11:21:22,11:00 - 12:00,Central Hours,3.3,Ml,3-3.9,61,intermediate,46 km al NO de Quillagua,-21.321,-69.797,https://www.sismologia.cl/sismicidad/informes/2023/06/201915.html
2023-06-26,11:05:27,11:00 - 12:00,Central Hours,3.0,Ml,3-3.9,124,intermediate,50 km al E de Combarbalá,-31.255,-70.481,https://www.sismologia.cl/sismicidad/informes/2023/06/201914.html
2023-06-26,08:51:50,8:00 - 9:00,Central Hours,3.4,Ml,3-3.9,109,intermediate,61 km al SE de Sierra Gorda.,-23.242,-68.85,https://www.sismologia.cl/sismicidad/informes/2023/06/201905.html
2023-06-26,08:29:38,8:00 - 9:00,Central Hours,2.6,Ml,<3,72,intermediate,55 km al O de Mina La Escondida.,-24.12,-69.577,https://www.sismologia.cl/sismicidad/informes/2023/06/201902.html
2023-06-26,05:44:33,5:00 - 6:00,Early Hours,3.4,Ml,3-3.9,117,intermediate,32 km al SO de San Pedro de Atacama,-23.118,-68.423,https://www.sismologia.cl/sismicidad/informes/2023/06/201897.html
2023-06-26,04:11:21,4:00 - 5:00,Early Hours,3.4,Ml,3-3.9,109,intermediate,61 km al NE de Pica,-20.053,-68.973,https://www.sismologia.cl/sismicidad/informes/2023/06/201892.html
2023-06-26,02:59:15,2:00 - 3:00,Early Hours,3.0,Ml,3-3.9,70,intermediate,20 km al NE de Tocopilla,-21.989,-70.044,https://www.sismologia.cl/sismicidad/informes/2023/06/201888.html
2023-06-26,22:58:52,22:00 - 23:00,Later Hours,2.7,Ml,<3,41,shallow,17 km al S de Valdivia,-39.97,-73.219,https://www.sismologia.cl/sismicidad/informes/2023/06/201877.html
2023-06-26,22:35:11,22:00 - 23:00,Later Hours,4.1,Ml,4-4.9,226,intermediate,80 km al E de Socaire,-23.847,-67.152,https://www.sismologia.cl/sismicidad/informes/2023/06/201875.html
2023-06-26,22:02:13,22:00 - 23:00,Later Hours,3.0,Ml,3-3.9,107,intermediate,25 km al NO de Mina Collahuasi,-20.713,-68.863,https://www.sismologia.cl/sismicidad/informes/2023/06/201869.html
2023-06-26,21:50:36,21:00 - 22:00,Later Hours,2.9,Ml,<3,110,intermediate,51 km al SO de Mina Collahuasi,-21.113,-69.038,https://www.sismologia.cl/sismicidad/informes/2023/06/201865.html
2023-06-25,19:20:13,19:00 - 20:00,Later Hours,3.7,Ml,3-3.9,206,intermediate,126 km al SE de Socaire,-24.353,-66.974,https://www.sismologia.cl/sismicidad/informes/2023/06/201857.html
2023-06-25,18:57:39,18:00 - 19:00,Later Hours,3.4,Ml,3-3.9,27,shallow,76 km al O de Arica,-18.619,-71.023,https://www.sismologia.cl/sismicidad/informes/2023/06/201855.html
2023-06-25,18:53:55,18:00 - 19:00,Later Hours,2.5,Ml,<3,119,intermediate,91 km al SE de Alto del Carmen,-29.4,-69.903,https://www.sismologia.cl/sismicidad/informes/2023/06/201853.html
2023-06-25,17:40:30,17:00 - 18:00,Later Hours,3.8,Ml,3-3.9,130,intermediate,48 km al SO de Ollagüe,-21.592,-68.49,https://www.sismologia.cl/sismicidad/informes/2023/06/201845.html
2023-06-25,17:20:40,17:00 - 18:00,Later Hours,2.6,Ml,<3,129,intermediate,47 km al S de Ollagüe,-21.626,-68.4,https://www.sismologia.cl/sismicidad/informes/2023/06/201841.html
2023-06-25,15:22:40,15:00 - 16:00,Central Hours,2.5,Ml,<3,124,intermediate,59 km al SE de Mina La Escondida.,-24.75,-68.813,https://www.sismologia.cl/sismicidad/informes/2023/06/201836.html
2023-06-25,13:57:41,13:00 - 14:00,Central Hours,2.5,Ml,<3,48,shallow,18 km al E de Huasco,-28.414,-71.045,https://www.sismologia.cl/sismicidad/informes/2023/06/201822.html
2023-06-25,09:26:55,9:00 - 10:00,Central Hours,4.5,Mw,4-4.9,47,shallow,56 km al SO de Ilo,-18.096,-71.565,https://www.sismologia.cl/sismicidad/informes/2023/06/201811.html
2023-06-25,08:10:41,8:00 - 9:00,Central Hours,2.9,Ml,<3,118,intermediate,44 km al S de Ollagüe,-21.593,-68.398,https://www.sismologia.cl/sismicidad/informes/2023/06/201809.html
2023-06-25,07:34:58,7:00 - 8:00,Early Hours,4.8,Mw,4-4.9,129,intermediate,47 km al SO de Ollagüe,-21.617,-68.43,https://www.sismologia.cl/sismicidad/informes/2023/06/201806.html
2023-06-25,06:17:46,6:00 - 7:00,Early Hours,2.8,Ml,<3,192,intermediate,100 km al E de Socaire,-23.744,-66.925,https://www.sismologia.cl/sismicidad/informes/2023/06/201801.html
2023-06-25,04:21:16,4:00 - 5:00,Early Hours,3.2,Ml,3-3.9,76,intermediate,48 km al NE de Quillagua,-21.304,-69.278,https://www.sismologia.cl/sismicidad/informes/2023/06/201795.html
2023-06-25,04:16:06,4:00 - 5:00,Early Hours,4.3,Mw,4-4.9,103,intermediate,36 km al O de Mina Collahuasi,-20.905,-68.994,https://www.sismologia.cl/sismicidad/informes/2023/06/201793.html
2023-06-25,03:37:39,3:00 - 4:00,Early Hours,3.7,Ml,3-3.9,55,intermediate,59 km al NO de Quillagua,-21.291,-69.942,https://www.sismologia.cl/sismicidad/informes/2023/06/201790.html
2023-06-25,01:26:46,1:00 - 2:00,Early Hours,3.0,Ml,3-3.9,128,intermediate,66 km al S de Camiña,-19.888,-69.253,https://www.sismologia.cl/sismicidad/informes/2023/06/201785.html
2023-06-25,01:21:00,1:00 - 2:00,Early Hours,3.7,Ml,3-3.9,110,intermediate,72 km al N de Pica,-19.89,-69.083,https://www.sismologia.cl/sismicidad/informes/2023/06/201781.html
2023-06-25,23:58:29,23:00 - 24:00,Later Hours,3.1,Ml,3-3.9,249,intermediate,106 km al E de Socaire,-23.257,-66.912,https://www.sismologia.cl/sismicidad/informes/2023/06/201776.html
2023-06-25,23:42:32,23:00 - 24:00,Later Hours,3.5,Ml,3-3.9,222,intermediate,69 km al SE de Socaire,-24.097,-67.5,https://www.sismologia.cl/sismicidad/informes/2023/06/201774.html
2023-06-25,23:24:22,23:00 - 24:00,Later Hours,2.6,Ml,<3,109,intermediate,34 km al SO de Mina Collahuasi,-20.991,-68.937,https://www.sismologia.cl/sismicidad/informes/2023/06/201771.html
2023-06-25,22:30:24,22:00 - 23:00,Later Hours,3.6,Ml,3-3.9,267,deep,104 km al NE de Socaire,-23.067,-67.047,https://www.sismologia.cl/sismicidad/informes/2023/06/201770.html
2023-06-24,18:12:14,18:00 - 19:00,Later Hours,4.6,Ml,4-4.9,274,deep,113 km al NE de Socaire,-23.123,-66.908,https://www.sismologia.cl/sismicidad/informes/2023/06/201754.html
2023-06-24,16:06:49,16:00 - 17:00,Later Hours,3.3,Ml,3-3.9,117,intermediate,39 km al SO de Mina Collahuasi,-21.127,-68.854,https://www.sismologia.cl/sismicidad/informes/2023/06/201739.html
2023-06-24,15:39:59,15:00 - 16:00,Central Hours,2.6,Ml,<3,123,intermediate,47 km al NE de Calama,-22.135,-68.648,https://www.sismologia.cl/sismicidad/informes/2023/06/201736.html
2023-06-24,14:46:00,14:00 - 15:00,Central Hours,3.8,Ml,3-3.9,52,intermediate,25 km al O de La Serena,-29.972,-71.495,https://www.sismologia.cl/sismicidad/informes/2023/06/201734.html
2023-06-24,13:14:00,13:00 - 14:00,Central Hours,3.0,Ml,3-3.9,41,shallow,41 km al NO de Taltal,-25.221,-70.838,https://www.sismologia.cl/sismicidad/informes/2023/06/201723.html
2023-06-24,12:30:39,12:00 - 13:00,Central Hours,3.1,Ml,3-3.9,30,shallow,38 km al SO de Chañaral.,-26.542,-70.933,https://www.sismologia.cl/sismicidad/informes/2023/06/201719.html
2023-06-24,10:57:31,10:00 - 11:00,Central Hours,3.7,Ml,3-3.9,210,intermediate,94 km al SE de Socaire,-24.122,-67.175,https://www.sismologia.cl/sismicidad/informes/2023/06/201717.html
2023-06-24,09:28:51,9:00 - 10:00,Central Hours,2.5,Ml,<3,128,intermediate,63 km al NE de Pica,-20.204,-68.812,https://www.sismologia.cl/sismicidad/informes/2023/06/201711.html
2023-06-24,07:58:04,7:00 - 8:00,Early Hours,2.6,Ml,<3,108,intermediate,45 km al O de Mina Collahuasi,-20.887,-69.087,https://www.sismologia.cl/sismicidad/informes/2023/06/201705.html
2023-06-24,07:16:14,7:00 - 8:00,Early Hours,3.3,Ml,3-3.9,219,intermediate,90 km al SE de Socaire,-24.03,-67.143,https://www.sismologia.cl/sismicidad/informes/2023/06/201700.html
2023-06-24,07:12:49,7:00 - 8:00,Early Hours,2.6,Ml,<3,217,intermediate,94 km al SE de Socaire,-24.048,-67.116,https://www.sismologia.cl/sismicidad/informes/2023/06/201699.html
2023-06-24,05:56:22,5:00 - 6:00,Early Hours,3.4,Ml,3-3.9,95,intermediate,58 km al SO de Mina Collahuasi,-21.201,-69.052,https://www.sismologia.cl/sismicidad/informes/2023/06/201694.html
2023-06-24,05:20:22,5:00 - 6:00,Early Hours,3.5,Ml,3-3.9,230,intermediate,86 km al SE de Socaire,-23.959,-67.147,https://www.sismologia.cl/sismicidad/informes/2023/06/201692.html
2023-06-24,04:50:07,4:00 - 5:00,Early Hours,4.5,Mw,4-4.9,99,intermediate,15 km al S de Camiña,-19.443,-69.393,https://www.sismologia.cl/sismicidad/informes/2023/06/201687.html
2023-06-24,04:32:57,4:00 - 5:00,Early Hours,2.7,Ml,<3,116,intermediate,58 km al NE de Calama,-22.034,-68.616,https://www.sismologia.cl/sismicidad/informes/2023/06/201686.html
2023-06-24,03:27:54,3:00 - 4:00,Early Hours,2.7,Ml,<3,117,intermediate,54 km al O de Ollagüe,-21.421,-68.734,https://www.sismologia.cl/sismicidad/informes/2023/06/201681.html
2023-06-24,01:54:34,1:00 - 2:00,Early Hours,3.0,Ml,3-3.9,74,intermediate,31 km al NE de Tocopilla,-21.85,-70.052,https://www.sismologia.cl/sismicidad/informes/2023/06/201676.html
2023-06-24,01:35:46,1:00 - 2:00,Early Hours,3.1,Ml,3-3.9,232,intermediate,76 km al SE de Socaire,-23.897,-67.226,https://www.sismologia.cl/sismicidad/informes/2023/06/201671.html
2023-06-24,01:06:24,1:00 - 2:00,Early Hours,2.9,Ml,<3,89,intermediate,41 km al SO de Linares,-36.152,-71.859,https://www.sismologia.cl/sismicidad/informes/2023/06/201669.html
2023-06-24,00:31:50,0:00 - 1:00,Early Hours,2.9,Ml,<3,5,shallow,44 km al NO de Camiña,-19.027,-69.719,https://www.sismologia.cl/sismicidad/informes/2023/06/201665.html
2023-06-24,23:54:01,23:00 - 24:00,Later Hours,2.8,Ml,<3,122,intermediate,51 km al SO de Ollagüe,-21.607,-68.523,https://www.sismologia.cl/sismicidad/informes/2023/06/201662.html
2023-06-24,22:40:43,22:00 - 23:00,Later Hours,3.4,Ml,3-3.9,113,intermediate,33 km al SE de Alto del Carmen,-28.996,-70.279,https://www.sismologia.cl/sismicidad/informes/2023/06/201656.html
2023-06-24,22:14:11,22:00 - 23:00,Later Hours,3.1,Ml,3-3.9,123,intermediate,44 km al SE de Linares,-36.129,-71.251,https://www.sismologia.cl/sismicidad/informes/2023/06/201653.html
2023-06-24,21:06:45,21:00 - 22:00,Later Hours,2.6,Ml,<3,70,intermediate,27 km al E de Tocopilla,-22.046,-69.946,https://www.sismologia.cl/sismicidad/informes/2023/06/201648.html
2023-06-23,19:16:46,19:00 - 20:00,Later Hours,3.4,Ml,3-3.9,87,intermediate,23 km al N de Rancagua,-33.962,-70.756,https://www.sismologia.cl/sismicidad/informes/2023/06/201640.html
2023-06-23,18:52:27,18:00 - 19:00,Later Hours,2.6,Ml,<3,116,intermediate,79 km al N de Calama,-21.789,-68.722,https://www.sismologia.cl/sismicidad/informes/2023/06/201638.html
2023-06-23,18:51:12,18:00 - 19:00,Later Hours,3.0,Ml,3-3.9,46,shallow,7 km al NE de La Serena,-29.848,-71.219,https://www.sismologia.cl/sismicidad/informes/2023/06/201637.html
2023-06-23,18:26:13,18:00 - 19:00,Later Hours,2.5,Ml,<3,128,intermediate,48 km al NE de Calama,-22.088,-68.703,https://www.sismologia.cl/sismicidad/informes/2023/06/201634.html
2023-06-23,17:48:17,17:00 - 18:00,Later Hours,3.2,Ml,3-3.9,176,intermediate,81 km al SE de Socaire,-24.137,-67.363,https://www.sismologia.cl/sismicidad/informes/2023/06/201631.html
2023-06-23,17:08:04,17:00 - 18:00,Later Hours,3.0,Ml,3-3.9,80,intermediate,34 km al N de Sierra Gorda.,-22.597,-69.29,https://www.sismologia.cl/sismicidad/informes/2023/06/201625.html
2023-06-23,16:43:49,16:00 - 17:00,Later Hours,4.1,Ml,4-4.9,77,intermediate,87 km al SO de Mina La Escondida.,-24.887,-69.586,https://www.sismologia.cl/sismicidad/informes/2023/06/201623.html
2023-06-23,15:54:33,15:00 - 16:00,Central Hours,2.5,Ml,<3,49,shallow,79 km al S de Antofagasta,-24.346,-70.291,https://www.sismologia.cl/sismicidad/informes/2023/06/201621.html
2023-06-23,15:23:20,15:00 - 16:00,Central Hours,2.5,Ml,<3,52,intermediate,23 km al NO de La Serena,-29.716,-71.366,https://www.sismologia.cl/sismicidad/informes/2023/06/201614.html
2023-06-23,13:24:24,13:00 - 14:00,Central Hours,2.6,Ml,<3,116,intermediate,59 km al SE de Putre,-18.688,-69.339,https://www.sismologia.cl/sismicidad/informes/2023/06/201600.html
2023-06-23,10:50:26,10:00 - 11:00,Central Hours,2.9,Ml,<3,50,intermediate,43 km al SO de Los Vilos,-32.173,-71.852,https://www.sismologia.cl/sismicidad/informes/2023/06/201592.html
2023-06-23,08:43:59,8:00 - 9:00,Central Hours,2.9,Ml,<3,246,intermediate,91 km al E de Socaire,-23.307,-67.055,https://www.sismologia.cl/sismicidad/informes/2023/06/201589.html
2023-06-23,07:12:16,7:00 - 8:00,Early Hours,3.3,Ml,3-3.9,255,deep,59 km al SE de Socaire,-23.838,-67.376,https://www.sismologia.cl/sismicidad/informes/2023/06/201585.html
2023-06-23,06:19:50,6:00 - 7:00,Early Hours,2.6,Ml,<3,96,intermediate,2 km al SE de Camiña,-19.322,-69.414,https://www.sismologia.cl/sismicidad/informes/2023/06/201582.html
2023-06-23,06:15:33,6:00 - 7:00,Early Hours,2.5,Ml,<3,116,intermediate,45 km al O de San Pedro de Atacama,-22.921,-68.642,https://www.sismologia.cl/sismicidad/informes/2023/06/201580.html
2023-06-23,05:57:54,5:00 - 6:00,Early Hours,2.8,Ml,<3,63,intermediate,32 km al O de La Serena,-29.857,-71.582,https://www.sismologia.cl/sismicidad/informes/2023/06/201578.html
2023-06-23,04:11:58,4:00 - 5:00,Early Hours,3.1,Ml,3-3.9,134,intermediate,21 km al O de Socaire,-23.583,-68.098,https://www.sismologia.cl/sismicidad/informes/2023/06/201570.html
2023-06-23,03:12:03,3:00 - 4:00,Early Hours,3.1,Ml,3-3.9,50,intermediate,35 km al SE de Lebu,-37.76,-73.308,https://www.sismologia.cl/sismicidad/informes/2023/06/201568.html
2023-06-23,03:06:24,3:00 - 4:00,Early Hours,3.0,Ml,3-3.9,241,intermediate,68 km al SE de Socaire,-23.953,-67.353,https://www.sismologia.cl/sismicidad/informes/2023/06/201567.html
2023-06-23,02:06:44,2:00 - 3:00,Early Hours,2.6,Ml,<3,20,shallow,66 km al S de Ilo,-18.234,-71.236,https://www.sismologia.cl/sismicidad/informes/2023/06/201561.html
2023-06-23,00:05:53,0:00 - 1:00,Early Hours,2.9,Ml,<3,79,intermediate,23 km al NO de Colina,-33.022,-70.782,https://www.sismologia.cl/sismicidad/informes/2023/06/201555.html
2023-06-23,23:42:39,23:00 - 24:00,Later Hours,2.6,Ml,<3,104,intermediate,31 km al O de Mina Collahuasi,-20.719,-68.934,https://www.sismologia.cl/sismicidad/informes/2023/06/201553.html
2023-06-23,21:40:21,21:00 - 22:00,Later Hours,3.4,Ml,3-3.9,134,intermediate,29 km al NO de Ollagüe,-21.083,-68.485,https://www.sismologia.cl/sismicidad/informes/2023/06/201547.html
2023-06-22,19:24:37,19:00 - 20:00,Later Hours,3.6,Ml,3-3.9,99,intermediate,60 km al S de Putre,-18.727,-69.657,https://www.sismologia.cl/sismicidad/informes/2023/06/201540.html
2023-06-22,15:21:59,15:00 - 16:00,Central Hours,2.9,Ml,<3,25,shallow,120 km al O de Navidad,-33.692,-73.089,https://www.sismologia.cl/sismicidad/informes/2023/06/201527.html
2023-06-22,15:12:58,15:00 - 16:00,Central Hours,3.2,Ml,3-3.9,101,intermediate,20 km al SE de Santiago,-33.605,-70.58,https://www.sismologia.cl/sismicidad/informes/2023/06/201525.html
2023-06-22,14:21:21,14:00 - 15:00,Central Hours,2.5,Ml,<3,129,intermediate,46 km al NE de Mina Los Pelambres,-31.556,-70.212,https://www.sismologia.cl/sismicidad/informes/2023/06/201516.html
2023-06-22,12:31:26,12:00 - 13:00,Central Hours,2.8,Ml,<3,34,shallow,50 km al SO de Pica,-20.735,-69.734,https://www.sismologia.cl/sismicidad/informes/2023/06/201507.html
2023-06-22,11:06:17,11:00 - 12:00,Central Hours,3.5,Ml,3-3.9,16,shallow,115 km al O de Lebu,-37.367,-74.92,https://www.sismologia.cl/sismicidad/informes/2023/06/201499.html
2023-06-22,08:04:32,8:00 - 9:00,Central Hours,2.8,Ml,<3,80,intermediate,15 km al SE de Alto Hospicio,-20.322,-69.975,https://www.sismologia.cl/sismicidad/informes/2023/06/201493.html
2023-06-22,07:48:51,7:00 - 8:00,Early Hours,3.2,Ml,3-3.9,38,shallow,78 km al O de Arica,-18.393,-71.058,https://www.sismologia.cl/sismicidad/informes/2023/06/201491.html
2023-06-22,03:54:28,3:00 - 4:00,Early Hours,3.1,Ml,3-3.9,46,shallow,31 km al SE de Pichilemu,-34.609,-71.815,https://www.sismologia.cl/sismicidad/informes/2023/06/201481.html
2023-06-22,23:05:12,23:00 - 24:00,Later Hours,2.6,Ml,<3,48,shallow,23 km al E de Mejillones,-23.082,-70.23,https://www.sismologia.cl/sismicidad/informes/2023/06/201467.html
2023-06-22,21:49:19,21:00 - 22:00,Later Hours,2.5,Ml,<3,101,intermediate,37 km al S de Mina Collahuasi,-21.145,-68.752,https://www.sismologia.cl/sismicidad/informes/2023/06/201462.html
2023-06-21,19:43:44,19:00 - 20:00,Later Hours,3.4,Ml,3-3.9,121,intermediate,72 km al NE de Calama,-21.929,-68.551,https://www.sismologia.cl/sismicidad/informes/2023/06/201456.html
2023-06-21,19:31:35,19:00 - 20:00,Later Hours,3.1,Ml,3-3.9,79,intermediate,31 km al S de Quillagua,-21.936,-69.553,https://www.sismologia.cl/sismicidad/informes/2023/06/201454.html
2023-06-21,18:42:20,18:00 - 19:00,Later Hours,2.6,Ml,<3,104,intermediate,23 km al O de Mina Collahuasi,-20.755,-68.862,https://www.sismologia.cl/sismicidad/informes/2023/06/201452.html
2023-06-21,17:41:48,17:00 - 18:00,Later Hours,2.7,Ml,<3,72,intermediate,40 km al SO de Vallenar,-28.876,-70.985,https://www.sismologia.cl/sismicidad/informes/2023/06/201451.html
2023-06-21,15:04:02,15:00 - 16:00,Central Hours,3.0,Ml,3-3.9,33,shallow,36 km al NO de Canela Baja,-31.18,-71.735,https://www.sismologia.cl/sismicidad/informes/2023/06/201432.html
2023-06-21,12:19:17,12:00 - 13:00,Central Hours,3.8,Ml,3-3.9,214,intermediate,79 km al SE de Socaire,-24.213,-67.526,https://www.sismologia.cl/sismicidad/informes/2023/06/201415.html
2023-06-21,11:24:40,11:00 - 12:00,Central Hours,2.7,Ml,<3,25,shallow,42 km al SO de Canela Baja,-31.615,-71.824,https://www.sismologia.cl/sismicidad/informes/2023/06/201406.html
2023-06-21,09:00:59,9:00 - 10:00,Central Hours,2.5,Ml,<3,58,intermediate,31 km al NO de Baquedano,-23.088,-69.986,https://www.sismologia.cl/sismicidad/informes/2023/06/201394.html
2023-06-21,07:27:53,7:00 - 8:00,Early Hours,2.9,Ml,<3,87,intermediate,10 km al SE de La Ligua,-32.517,-71.156,https://www.sismologia.cl/sismicidad/informes/2023/06/201388.html
2023-06-21,06:51:18,6:00 - 7:00,Early Hours,3.1,Ml,3-3.9,99,intermediate,65 km al SO de Ollagüe,-21.609,-68.73,https://www.sismologia.cl/sismicidad/informes/2023/06/201385.html
2023-06-21,06:34:15,6:00 - 7:00,Early Hours,3.1,Ml,3-3.9,226,intermediate,71 km al SE de Socaire,-24.161,-67.573,https://www.sismologia.cl/sismicidad/informes/2023/06/201384.html
2023-06-21,05:31:50,5:00 - 6:00,Early Hours,2.9,Ml,<3,22,shallow,42 km al SO de Canela Baja,-31.626,-71.812,https://www.sismologia.cl/sismicidad/informes/2023/06/201379.html
2023-06-21,04:27:11,4:00 - 5:00,Early Hours,2.9,Ml,<3,104,intermediate,26 km al NE de Pica,-20.381,-69.107,https://www.sismologia.cl/sismicidad/informes/2023/06/201369.html
2023-06-21,02:14:26,2:00 - 3:00,Early Hours,3.0,Ml,3-3.9,139,intermediate,21 km al NE de Termas del Flaco,-34.797,-70.312,https://www.sismologia.cl/sismicidad/informes/2023/06/201361.html
2023-06-21,00:58:36,0:00 - 1:00,Early Hours,3.2,Ml,3-3.9,126,intermediate,38 km al SO de Ollagüe,-21.454,-68.525,https://www.sismologia.cl/sismicidad/informes/2023/06/201354.html
2023-06-21,23:58:52,23:00 - 24:00,Later Hours,3.5,Ml,3-3.9,247,intermediate,67 km al SE de Socaire,-24.111,-67.551,https://www.sismologia.cl/sismicidad/informes/2023/06/201344.html
2023-06-21,23:40:17,23:00 - 24:00,Later Hours,3.0,Ml,3-3.9,47,shallow,10 km al SE de Constitución,-35.383,-72.321,https://www.sismologia.cl/sismicidad/informes/2023/06/201341.html
2023-06-21,20:31:38,20:00 - 21:00,Later Hours,2.9,Ml,<3,116,intermediate,39 km al SE de Alto del Carmen,-28.917,-70.13,https://www.sismologia.cl/sismicidad/informes/2023/06/201323.html
2023-06-20,19:22:20,19:00 - 20:00,Later Hours,3.2,Ml,3-3.9,112,intermediate,46 km al O de Ollagüe,-21.26,-68.699,https://www.sismologia.cl/sismicidad/informes/2023/06/201321.html
2023-06-20,19:02:08,19:00 - 20:00,Later Hours,3.1,Ml,3-3.9,19,shallow,82 km al O de Tongoy,-30.508,-72.295,https://www.sismologia.cl/sismicidad/informes/2023/06/201318.html
2023-06-20,16:28:07,16:00 - 17:00,Later Hours,4.3,Ml,4-4.9,104,intermediate,31 km al E de Pica,-20.4,-69.046,https://www.sismologia.cl/sismicidad/informes/2023/06/201308.html
2023-06-20,14:53:49,14:00 - 15:00,Central Hours,3.2,Ml,3-3.9,14,shallow,125 km al O de Tirúa,-38.336,-74.932,https://www.sismologia.cl/sismicidad/informes/2023/06/201298.html
2023-06-20,11:07:06,11:00 - 12:00,Central Hours,3.0,Ml,3-3.9,41,shallow,64 km al SO de Alto Hospicio,-20.637,-70.576,https://www.sismologia.cl/sismicidad/informes/2023/06/201272.html
2023-06-20,09:09:18,9:00 - 10:00,Central Hours,2.8,Ml,<3,95,intermediate,62 km al NE de Quillagua,-21.247,-69.131,https://www.sismologia.cl/sismicidad/informes/2023/06/201262.html
2023-06-20,08:36:24,8:00 - 9:00,Central Hours,2.7,Ml,<3,32,shallow,8 km al O de Huasco,-28.447,-71.295,https://www.sismologia.cl/sismicidad/informes/2023/06/201261.html
2023-06-20,05:45:59,5:00 - 6:00,Early Hours,2.8,Ml,<3,52,intermediate,29 km al NO de Pozo Almonte,-20.026,-69.914,https://www.sismologia.cl/sismicidad/informes/2023/06/201251.html
2023-06-20,05:04:30,5:00 - 6:00,Early Hours,4.3,Ml,4-4.9,204,intermediate,74 km al N de San Pedro de Atacama,-22.267,-68.057,https://www.sismologia.cl/sismicidad/informes/2023/06/201249.html
2023-06-20,01:47:34,1:00 - 2:00,Early Hours,2.6,Ml,<3,105,intermediate,24 km al O de Mina Collahuasi,-20.783,-68.887,https://www.sismologia.cl/sismicidad/informes/2023/06/201235.html
2023-06-20,22:30:35,22:00 - 23:00,Later Hours,4.2,Ml,4-4.9,177,intermediate,74 km al O de Socaire,-23.583,-68.613,https://www.sismologia.cl/sismicidad/informes/2023/06/201227.html
2023-06-20,22:22:34,22:00 - 23:00,Later Hours,2.8,Ml,<3,71,intermediate,24 km al SO de Linares,-36.027,-71.732,https://www.sismologia.cl/sismicidad/informes/2023/06/201224.html
2023-06-20,21:38:47,21:00 - 22:00,Later Hours,2.9,Ml,<3,110,intermediate,74 km al O de Socaire,-23.52,-68.614,https://www.sismologia.cl/sismicidad/informes/2023/06/201222.html
2023-06-19,19:55:02,19:00 - 20:00,Later Hours,3.1,Ml,3-3.9,114,intermediate,38 km al S de Mina Collahuasi,-21.166,-68.707,https://www.sismologia.cl/sismicidad/informes/2023/06/201214.html
2023-06-19,18:29:01,18:00 - 19:00,Later Hours,3.5,Ml,3-3.9,3,shallow,36 km al SE de Cuya,-19.338,-69.89,https://www.sismologia.cl/sismicidad/informes/2023/06/201204.html
2023-06-19,18:08:12,18:00 - 19:00,Later Hours,3.7,Ml,3-3.9,42,shallow,59 km al O de La Higuera,-29.418,-71.804,https://www.sismologia.cl/sismicidad/informes/2023/06/201201.html
2023-06-19,16:51:21,16:00 - 17:00,Later Hours,3.6,Ml,3-3.9,31,shallow,98 km al O de Cobquecura,-35.81,-73.807,https://www.sismologia.cl/sismicidad/informes/2023/06/201186.html
2023-06-19,14:58:08,14:00 - 15:00,Central Hours,3.1,Ml,3-3.9,110,intermediate,27 km al E de Mina La Escondida.,-24.31,-68.798,https://www.sismologia.cl/sismicidad/informes/2023/06/201179.html
2023-06-19,14:55:44,14:00 - 15:00,Central Hours,3.6,Ml,3-3.9,226,intermediate,72 km al S de Socaire,-24.229,-67.802,https://www.sismologia.cl/sismicidad/informes/2023/06/201178.html
2023-06-19,11:48:21,11:00 - 12:00,Central Hours,3.8,Ml,3-3.9,122,intermediate,20 km al S de Mina Los Pelambres,-31.997,-70.62,https://www.sismologia.cl/sismicidad/informes/2023/06/201160.html
2023-06-19,09:20:16,9:00 - 10:00,Central Hours,3.1,Ml,3-3.9,102,intermediate,23 km al E de Calama,-22.503,-68.709,https://www.sismologia.cl/sismicidad/informes/2023/06/201152.html
2023-06-19,07:46:13,7:00 - 8:00,Early Hours,3.0,Ml,3-3.9,136,intermediate,51 km al S de Ollagüe,-21.666,-68.388,https://www.sismologia.cl/sismicidad/informes/2023/06/201144.html
2023-06-19,06:24:36,6:00 - 7:00,Early Hours,2.9,Ml,<3,29,shallow,41 km al NO de Mejillones,-22.785,-70.652,https://www.sismologia.cl/sismicidad/informes/2023/06/201140.html
2023-06-19,05:53:50,5:00 - 6:00,Early Hours,3.3,Ml,3-3.9,125,intermediate,68 km al SO de Ollagüe,-21.774,-68.539,https://www.sismologia.cl/sismicidad/informes/2023/06/201137.html
2023-06-19,05:32:40,5:00 - 6:00,Early Hours,3.2,Ml,3-3.9,123,intermediate,60 km al NE de Calama,-21.995,-68.663,https://www.sismologia.cl/sismicidad/informes/2023/06/201135.html
2023-06-19,04:53:27,4:00 - 5:00,Early Hours,3.0,Ml,3-3.9,131,intermediate,46 km al SO de Ollagüe,-21.598,-68.444,https://www.sismologia.cl/sismicidad/informes/2023/06/201131.html
2023-06-19,03:24:48,3:00 - 4:00,Early Hours,3.0,Ml,3-3.9,113,intermediate,47 km al SO de Mina Collahuasi,-21.099,-68.998,https://www.sismologia.cl/sismicidad/informes/2023/06/201121.html
2023-06-19,03:18:21,3:00 - 4:00,Early Hours,2.6,Ml,<3,111,intermediate,43 km al NE de Calama,-22.149,-68.703,https://www.sismologia.cl/sismicidad/informes/2023/06/201120.html
2023-06-19,03:02:52,3:00 - 4:00,Early Hours,2.5,Ml,<3,113,intermediate,52 km al S de Mina Collahuasi,-21.268,-68.811,https://www.sismologia.cl/sismicidad/informes/2023/06/201117.html
2023-06-19,02:09:13,2:00 - 3:00,Early Hours,2.7,Ml,<3,92,intermediate,52 km al O de San Pedro de Atacama,-22.954,-68.706,https://www.sismologia.cl/sismicidad/informes/2023/06/201112.html
2023-06-19,00:03:41,0:00 - 1:00,Early Hours,2.7,Ml,<3,24,shallow,46 km al NO de Valparaíso,-32.676,-71.825,https://www.sismologia.cl/sismicidad/informes/2023/06/201105.html
2023-06-19,23:58:25,23:00 - 24:00,Later Hours,3.4,Ml,3-3.9,27,shallow,38 km al N de Valparaíso,-32.723,-71.726,https://www.sismologia.cl/sismicidad/informes/2023/06/201102.html
2023-06-19,23:20:24,23:00 - 24:00,Later Hours,2.5,Ml,<3,114,intermediate,46 km al E de Calama,-22.52,-68.486,https://www.sismologia.cl/sismicidad/informes/2023/06/201100.html
2023-06-19,22:23:09,22:00 - 23:00,Later Hours,4.8,Mw,4-4.9,127,intermediate,20 km al SO de Calama,-22.63,-69.01,https://www.sismologia.cl/sismicidad/informes/2023/06/201095.html
2023-06-19,20:32:01,20:00 - 21:00,Later Hours,2.9,Ml,<3,119,intermediate,45 km al S de Mina Collahuasi,-21.21,-68.809,https://www.sismologia.cl/sismicidad/informes/2023/06/201089.html
2023-06-18,16:58:13,16:00 - 17:00,Later Hours,3.7,Ml,3-3.9,287,deep,33 km al SE de San Pedro de Atacama,-23.066,-67.924,https://www.sismologia.cl/sismicidad/informes/2023/06/201079.html
2023-06-18,14:57:12,14:00 - 15:00,Central Hours,2.7,Ml,<3,69,intermediate,34 km al S de Melipilla,-33.986,-71.187,https://www.sismologia.cl/sismicidad/informes/2023/06/201066.html
2023-06-18,13:54:21,13:00 - 14:00,Central Hours,3.0,Ml,3-3.9,33,shallow,41 km al SO de Los Vilos,-32.244,-71.688,https://www.sismologia.cl/sismicidad/informes/2023/06/201053.html
2023-06-18,13:50:26,13:00 - 14:00,Central Hours,3.6,Ml,3-3.9,100,intermediate,17 km al E de Sierra Gorda.,-22.959,-69.167,https://www.sismologia.cl/sismicidad/informes/2023/06/201051.html
2023-06-18,12:26:36,12:00 - 13:00,Central Hours,4.2,Ml,4-4.9,38,shallow,49 km al NO de Tongoy,-29.982,-71.888,https://www.sismologia.cl/sismicidad/informes/2023/06/201045.html
2023-06-18,11:33:54,11:00 - 12:00,Central Hours,3.2,Ml,3-3.9,250,deep,68 km al SE de Socaire,-23.846,-67.279,https://www.sismologia.cl/sismicidad/informes/2023/06/201037.html
2023-06-18,09:19:40,9:00 - 10:00,Central Hours,2.9,Ml,<3,116,intermediate,31 km al O de Mina Collahuasi,-20.858,-68.951,https://www.sismologia.cl/sismicidad/informes/2023/06/201029.html
2023-06-18,07:47:57,7:00 - 8:00,Early Hours,4.2,Ml,4-4.9,56,intermediate,75 km al SE de Antofagasta,-24.245,-70.082,https://www.sismologia.cl/sismicidad/informes/2023/06/201024.html
2023-06-18,06:29:51,6:00 - 7:00,Early Hours,3.2,Ml,3-3.9,48,shallow,21 km al S de Huasco,-28.647,-71.179,https://www.sismologia.cl/sismicidad/informes/2023/06/201018.html
2023-06-18,02:58:30,2:00 - 3:00,Early Hours,3.5,Ml,3-3.9,36,shallow,61 km al S de Ilo,-18.16,-71.131,https://www.sismologia.cl/sismicidad/informes/2023/06/201004.html
2023-06-18,02:50:00,2:00 - 3:00,Early Hours,3.6,Ml,3-3.9,34,shallow,103 km al O de Tortel,-47.52,-74.845,https://www.sismologia.cl/sismicidad/informes/2023/06/201002.html
2023-06-18,01:47:15,1:00 - 2:00,Early Hours,3.2,Ml,3-3.9,108,intermediate,49 km al NE de Mina La Escondida.,-23.892,-68.812,https://www.sismologia.cl/sismicidad/informes/2023/06/200997.html
2023-06-18,01:44:42,1:00 - 2:00,Early Hours,3.6,Ml,3-3.9,233,intermediate,107 km al NE de Socaire,-23.148,-66.963,https://www.sismologia.cl/sismicidad/informes/2023/06/200998.html
2023-06-18,00:17:20,0:00 - 1:00,Early Hours,3.5,Ml,3-3.9,197,intermediate,120 km al SE de Socaire,-24.473,-67.203,https://www.sismologia.cl/sismicidad/informes/2023/06/200993.html
2023-06-18,23:58:40,23:00 - 24:00,Later Hours,4.5,Mw,4-4.9,271,deep,122 km al NE de Socaire,-23.128,-66.806,https://www.sismologia.cl/sismicidad/informes/2023/06/200991.html
2023-06-18,23:09:21,23:00 - 24:00,Later Hours,3.0,Ml,3-3.9,24,shallow,41 km al O de Navidad,-34.024,-72.262,https://www.sismologia.cl/sismicidad/informes/2023/06/200988.html
2023-06-18,21:20:45,21:00 - 22:00,Later Hours,3.3,Ml,3-3.9,124,intermediate,32 km al O de Ollagüe,-21.229,-68.562,https://www.sismologia.cl/sismicidad/informes/2023/06/200982.html
